time,temperature,humidity
00:00:07,26.1,42.3
00:00:16,26.1,42.2
00:00:27,26.1,42.2
00:00:37,26.1,42.2
00:00:47,26.1,42.3
00:00:57,26.1,42.3
00:01:07,26.1,42.3
00:01:17,26.1,42.3
00:01:27,26.1,42.2
00:01:37,26.1,42.3
00:01:47,26.1,42.2
00:01:57,26.1,42.3
00:02:07,26.1,42.3
00:02:17,26.1,42.3
00:02:27,26.1,42.3
00:02:37,26.1,42.4
00:02:47,26.1,42.4
00:02:57,26.1,42.3
00:03:07,26.1,42.3
00:03:17,26.1,42.3
00:03:27,26.1,42.3
00:03:36,26.1,42.3
00:03:47,26.1,42.4
00:03:57,26.1,42.4
00:04:07,26.1,42.3
00:04:17,26.1,42.3
00:04:27,26.1,42.4
00:04:37,26.1,42.4
00:04:47,26.0,42.3
00:04:57,26.1,42.4
00:05:07,26.0,42.4
00:05:17,26.1,42.4
00:05:27,26.0,42.5
00:05:37,26.0,42.5
00:05:47,26.0,42.5
00:05:57,26.0,42.5
00:06:07,26.0,42.4
00:06:17,26.0,42.5
00:06:27,26.0,42.5
00:06:36,26.0,42.5
00:06:47,26.0,42.6
00:06:57,26.0,42.5
00:07:07,26.0,42.6
00:07:17,26.0,42.6
00:07:27,26.0,42.5
00:07:37,26.0,42.5
00:07:47,26.0,42.6
00:07:57,26.0,42.5
00:08:07,26.0,42.6
00:08:17,26.0,42.5
00:08:27,26.0,42.6
00:08:37,26.0,42.6
00:08:47,26.0,42.6
00:08:57,26.0,42.6
00:09:07,26.0,42.7
00:09:17,26.0,42.6
00:09:27,26.0,42.6
00:09:37,26.0,42.7
00:09:47,26.0,42.7
00:09:57,26.0,42.7
00:10:07,26.0,42.6
00:10:17,26.0,42.6
00:10:27,26.0,42.6
00:10:37,26.0,42.6
00:10:47,26.0,42.7
00:10:57,26.0,42.7
00:11:07,25.9,42.7
00:11:17,25.9,42.8
00:11:27,26.0,42.8
00:11:37,26.0,42.7
00:11:47,26.0,42.8
00:11:57,25.9,42.7
00:12:07,26.0,42.8
00:12:17,26.0,42.8
00:12:27,26.0,42.8
00:12:37,26.0,42.7
00:12:47,25.9,42.7
00:12:57,26.0,42.7
00:13:07,26.0,42.7
00:13:17,26.0,42.7
00:13:27,26.0,42.8
00:13:37,26.0,42.7
00:13:47,26.0,42.7
00:13:57,26.0,42.7
00:14:07,26.0,42.7
00:14:17,26.0,42.7
00:14:27,26.0,42.7
00:14:37,26.0,42.8
00:14:47,25.9,42.7
00:14:57,26.0,42.7
00:15:07,26.0,42.8
00:15:17,26.0,42.7
00:15:27,26.0,42.7
00:15:37,25.9,42.8
00:15:47,25.9,42.7
00:15:57,25.9,42.7
00:16:07,25.9,42.7
00:16:16,25.9,42.7
00:16:27,25.9,42.7
00:16:37,25.9,42.8
00:16:47,25.9,42.8
00:16:57,25.9,42.8
00:17:07,25.9,42.9
00:17:17,25.9,42.8
00:17:27,25.9,42.9
00:17:37,25.9,42.8
00:17:47,25.9,42.8
00:17:57,25.9,42.8
00:18:07,25.9,42.8
00:18:17,25.9,42.8
00:18:27,25.9,42.8
00:18:37,25.9,42.9
00:18:47,25.9,42.8
00:18:57,25.9,42.8
00:19:07,25.9,42.8
00:19:17,25.9,42.7
00:19:27,25.9,42.8
00:19:37,25.9,42.8
00:19:47,25.9,42.9
00:19:57,25.9,42.7
00:20:07,25.9,42.8
00:20:17,25.9,42.8
00:20:27,25.9,42.8
00:20:37,25.9,42.8
00:20:47,25.9,42.8
00:20:57,25.9,42.7
00:21:07,25.9,42.8
00:21:17,25.9,42.8
00:21:27,25.9,42.7
00:21:37,25.9,42.7
00:21:47,25.9,42.8
00:21:57,25.9,42.8
00:22:07,25.9,42.7
00:22:17,25.9,42.7
00:22:27,25.9,42.7
00:22:37,25.9,42.7
00:22:47,25.9,42.7
00:22:57,25.9,42.8
00:23:07,25.9,42.8
00:23:17,25.9,42.7
00:23:27,25.9,42.7
00:23:37,25.9,42.7
00:23:47,25.8,42.7
00:23:57,25.9,42.7
00:24:07,25.8,42.7
00:24:17,25.8,42.7
00:24:27,25.8,42.8
00:24:37,25.8,42.7
00:24:47,25.8,42.7
00:24:57,25.8,42.7
00:25:07,25.8,42.8
00:25:17,25.7,42.8
00:25:27,25.8,42.9
00:25:37,25.7,42.9
00:25:47,25.7,42.9
00:25:57,25.7,42.8
00:26:07,25.7,42.9
00:26:16,25.7,42.8
00:26:27,25.7,42.8
00:26:38,25.7,42.9
00:26:47,25.7,42.9
00:26:57,25.7,42.8
00:27:07,25.7,42.8
00:27:17,25.7,43.0
00:27:27,25.7,42.9
00:27:37,25.6,42.9
00:27:47,25.6,42.9
00:27:57,25.6,42.9
00:28:06,25.6,42.9
00:28:17,25.6,42.9
00:28:27,25.6,43.0
00:28:37,25.6,43.0
00:28:47,25.7,43.0
00:28:57,25.7,43.0
00:29:07,25.7,43.0
00:29:16,25.7,43.0
00:29:27,25.7,42.9
00:29:37,25.7,42.9
00:29:47,25.7,42.9
00:29:57,25.7,42.8
00:30:07,25.8,42.8
00:30:17,25.8,42.8
00:30:26,25.8,42.8
00:30:37,25.8,42.7
00:30:47,25.8,42.7
00:30:57,25.8,42.7
00:31:07,25.9,42.5
00:31:17,25.9,42.5
00:31:27,25.9,42.5
00:31:37,25.9,42.4
00:31:47,25.9,42.4
00:31:57,26.0,42.5
00:32:07,26.0,42.3
00:32:17,26.0,42.3
00:32:27,26.0,42.3
00:32:37,26.1,42.2
00:32:47,26.1,42.2
00:32:59,26.1,42.2
00:33:09,26.1,42.3
00:33:17,26.2,42.2
00:33:29,26.2,42.2
00:33:38,26.2,42.2
00:33:48,26.2,42.1
00:33:59,26.2,42.0
00:34:09,26.3,41.9
00:34:17,26.3,41.8
00:34:27,26.3,41.9
00:34:37,26.3,41.8
00:34:47,26.4,41.7
00:34:57,26.4,41.6
00:35:07,26.4,41.5
00:35:17,26.4,41.4
00:35:27,26.4,41.4
00:35:37,26.5,41.2
00:35:47,26.5,41.2
00:35:57,26.5,41.3
00:36:07,26.5,41.3
00:36:17,26.5,41.2
00:36:27,26.6,41.2
00:36:37,26.6,41.3
00:36:47,26.6,41.3
00:36:57,26.6,41.2
00:37:07,26.6,41.0
00:37:17,26.6,40.9
00:37:29,26.7,40.8
00:37:37,26.7,40.7
00:37:47,26.7,40.7
00:37:57,26.7,40.7
00:38:07,26.7,40.8
00:38:17,26.8,40.6
00:38:27,26.8,40.5
00:38:37,26.8,40.6
00:38:47,26.8,40.5
00:38:57,26.8,40.4
00:39:07,26.8,40.3
00:39:17,26.9,40.3
00:39:27,26.9,40.3
00:39:37,26.9,40.2
00:39:47,26.9,40.2
00:39:58,26.9,40.2
00:40:07,26.9,40.0
00:40:17,26.9,40.0
00:40:27,26.9,40.0
00:40:38,27.0,40.0
00:40:49,27.0,39.9
00:40:57,27.0,39.9
00:41:07,27.0,39.8
00:41:17,27.0,39.7
00:41:27,27.0,39.7
00:41:37,27.0,39.7
00:41:47,27.0,39.7
00:41:56,27.0,39.6
00:42:07,27.1,39.5
00:42:17,27.1,39.5
00:42:27,27.1,39.5
00:42:37,27.1,39.4
00:42:47,27.1,39.3
00:42:57,27.1,39.2
00:43:07,27.1,39.1
00:43:17,27.1,39.1
00:43:27,27.1,39.1
00:43:37,27.1,39.1
00:43:47,27.2,39.2
00:43:57,27.2,39.1
00:44:07,27.2,39.0
00:44:17,27.2,39.0
00:44:27,27.2,38.9
00:44:37,27.2,39.0
00:44:47,27.2,39.0
00:44:57,27.2,38.9
00:45:07,27.2,38.9
00:45:17,27.2,38.9
00:45:27,27.2,38.8
00:45:37,27.3,38.9
00:45:47,27.2,38.8
00:45:57,27.3,38.8
00:46:06,27.3,38.8
00:46:16,27.3,38.8
00:46:27,27.3,38.7
00:46:37,27.3,38.7
00:46:47,27.3,38.7
00:46:57,27.3,38.6
00:47:07,27.3,38.7
00:47:17,27.3,38.6
00:47:27,27.3,38.6
00:47:37,27.3,38.5
00:47:47,27.3,38.6
00:47:57,27.3,38.6
00:48:07,27.3,38.5
00:48:17,27.3,38.5
00:48:27,27.3,38.6
00:48:37,27.3,38.4
00:48:47,27.3,38.5
00:48:57,27.4,38.4
00:49:07,27.4,38.4
00:49:17,27.4,38.4
00:49:27,27.4,38.4
00:49:37,27.4,38.4
00:49:47,27.4,38.3
00:49:57,27.4,38.3
00:50:07,27.4,38.3
00:50:17,27.4,38.3
00:50:27,27.4,38.3
00:50:37,27.4,38.2
00:50:47,27.4,38.3
00:50:57,27.4,38.3
00:51:07,27.4,38.3
00:51:17,27.4,38.2
00:51:27,27.4,38.3
00:51:37,27.4,38.2
00:51:47,27.4,38.2
00:51:57,27.4,38.2
00:52:07,27.4,38.0
00:52:17,27.4,38.0
00:52:27,27.4,38.0
00:52:37,27.4,38.0
00:52:47,27.4,38.0
00:52:57,27.5,38.1
00:53:07,27.5,38.0
00:53:17,27.5,38.0
00:53:27,27.5,38.0
00:53:37,27.5,38.1
00:53:47,27.5,38.0
00:53:57,27.5,38.0
00:54:07,27.5,37.9
00:54:17,27.5,37.9
00:54:27,27.5,37.9
00:54:37,27.5,37.9
00:54:47,27.5,37.7
00:54:57,27.5,37.7
00:55:07,27.5,37.8
00:55:17,27.5,37.8
00:55:27,27.5,37.8
00:55:37,27.5,37.7
00:55:47,27.5,37.7
00:55:57,27.5,37.6
00:56:07,27.5,37.6
00:56:17,27.5,37.5
00:56:27,27.5,37.6
00:56:37,27.5,37.6
00:56:47,27.5,37.6
00:56:57,27.5,37.6
00:57:07,27.5,37.6
00:57:17,27.5,37.6
00:57:27,27.5,37.5
00:57:37,27.5,37.4
00:57:47,27.5,37.3
00:57:57,27.5,37.3
00:58:07,27.5,37.3
00:58:17,27.5,37.3
00:58:27,27.6,37.3
00:58:37,27.5,37.2
00:58:47,27.5,37.0
00:58:57,27.6,36.9
00:59:07,27.6,36.7
00:59:17,27.5,36.7
00:59:27,27.6,36.7
00:59:37,27.6,36.7
00:59:47,27.6,36.9
00:59:57,27.6,37.0
01:00:07,27.6,36.9
01:00:17,27.6,36.8
01:00:27,27.6,36.8
01:00:37,27.6,36.7
01:00:47,27.6,36.7
01:00:57,27.6,36.7
01:01:07,27.6,36.8
01:01:17,27.6,36.7
01:01:27,27.6,36.7
01:01:37,27.6,36.7
01:01:47,27.6,36.7
01:01:57,27.6,36.8
01:02:07,27.6,36.8
01:02:17,27.6,36.8
01:02:27,27.6,36.8
01:02:37,27.6,36.7
01:02:47,27.6,36.3
01:02:56,27.6,36.3
01:03:07,27.6,36.4
01:03:17,27.6,36.4
01:03:27,27.6,36.4
01:03:37,27.6,35.8
01:03:47,27.6,35.7
01:03:57,27.6,35.7
01:04:07,27.6,35.6
01:04:17,27.6,35.5
01:04:27,27.6,35.3
01:04:37,27.6,35.4
01:04:47,27.6,35.5
01:04:57,27.6,35.5
01:05:07,27.6,35.6
01:05:17,27.6,35.5
01:05:27,27.6,35.4
01:05:37,27.6,35.6
01:05:47,27.6,35.7
01:05:57,27.6,36.0
01:06:07,27.6,36.0
01:06:17,27.6,35.8
01:06:26,27.6,35.7
01:06:37,27.6,35.7
01:06:47,27.6,35.3
01:06:57,27.6,34.9
01:07:07,27.6,34.5
01:07:17,27.6,34.4
01:07:27,27.7,34.8
01:07:37,27.7,34.9
01:07:47,27.7,34.8
01:07:57,27.6,34.7
01:08:07,27.7,34.7
01:08:17,27.7,35.0
01:08:27,27.7,35.3
01:08:37,27.7,35.5
01:08:47,27.7,35.5
01:08:57,27.7,35.6
01:09:07,27.7,35.6
01:09:17,27.7,35.7
01:09:27,27.7,35.8
01:09:37,27.7,35.6
01:09:47,27.7,35.4
01:09:57,27.7,35.4
01:10:07,27.7,35.5
01:10:17,27.7,35.5
01:10:26,27.7,35.3
01:10:37,27.7,34.8
01:10:47,27.7,34.7
01:10:57,27.7,34.5
01:11:07,27.7,34.4
01:11:17,27.7,34.4
01:11:27,27.7,34.4
01:11:37,27.7,34.4
01:11:47,27.7,34.9
01:11:57,27.7,35.4
01:12:07,27.7,35.5
01:12:17,27.7,34.9
01:12:27,27.7,34.7
01:12:37,27.7,34.8
01:12:47,27.7,34.8
01:12:57,27.7,35.0
01:13:07,27.7,35.2
01:13:17,27.7,35.3
01:13:27,27.7,35.5
01:13:37,27.7,35.5
01:13:47,27.7,35.4
01:13:57,27.7,35.4
01:14:07,27.7,35.3
01:14:17,27.7,35.4
01:14:26,27.7,35.5
01:14:37,27.7,35.3
01:14:47,27.7,34.7
01:14:57,27.7,34.7
01:15:07,27.7,34.8
01:15:17,27.7,34.8
01:15:27,27.7,35.1
01:15:37,27.7,35.1
01:15:47,27.7,34.8
01:15:57,27.7,34.7
01:16:07,27.7,34.8
01:16:17,27.7,34.8
01:16:27,27.7,34.7
01:16:37,27.7,34.6
01:16:47,27.7,34.4
01:16:57,27.7,34.3
01:17:07,27.7,34.3
01:17:17,27.7,34.2
01:17:27,27.7,34.4
01:17:37,27.7,34.5
01:17:47,27.7,34.5
01:17:57,27.7,34.5
01:18:07,27.7,34.8
01:18:17,27.7,34.8
01:18:27,27.7,34.9
01:18:37,27.7,35.2
01:18:47,27.7,35.1
01:18:57,27.7,35.0
01:19:07,27.7,34.7
01:19:17,27.7,34.7
01:19:27,27.7,34.6
01:19:37,27.7,34.7
01:19:47,27.7,34.8
01:19:57,27.8,34.9
01:20:07,27.7,34.9
01:20:16,27.7,34.9
01:20:27,27.7,35.0
01:20:37,27.8,34.9
01:20:47,27.7,34.7
01:20:57,27.8,34.9
01:21:06,27.7,34.9
01:21:17,27.8,34.8
01:21:27,27.8,34.8
01:21:37,27.8,34.6
01:21:47,27.8,34.5
01:21:57,27.8,34.2
01:22:07,27.8,34.2
01:22:17,27.8,34.2
01:22:27,27.8,33.9
01:22:37,27.8,33.7
01:22:47,27.8,33.7
01:22:57,27.8,33.7
01:23:07,27.8,33.6
01:23:17,27.8,33.7
01:23:27,27.8,33.6
01:23:37,27.8,33.7
01:23:47,27.8,33.8
01:23:57,27.8,34.0
01:24:07,27.8,34.1
01:24:17,27.8,34.1
01:24:27,27.8,34.0
01:24:37,27.8,34.1
01:24:47,27.8,34.2
01:24:57,27.8,34.3
01:25:06,27.8,34.3
01:25:17,27.8,34.5
01:25:27,27.8,34.4
01:25:37,27.8,34.3
01:25:47,27.8,34.2
01:25:57,27.8,34.2
01:26:07,27.8,34.2
01:26:17,27.8,34.3
01:26:27,27.8,34.2
01:26:37,27.8,33.9
01:26:47,27.8,33.8
01:26:57,27.8,33.7
01:27:07,27.8,33.6
01:27:17,27.8,33.6
01:27:27,27.8,33.5
01:27:37,27.8,33.6
01:27:47,27.8,33.5
01:27:57,27.8,33.6
01:28:07,27.8,33.6
01:28:17,27.8,33.7
01:28:27,27.8,33.9
01:28:37,27.8,34.0
01:28:47,27.8,34.0
01:28:57,27.8,33.9
01:29:07,27.8,33.7
01:29:17,27.8,33.6
01:29:27,27.8,33.5
01:29:37,27.8,33.5
01:29:47,27.8,33.7
01:29:57,27.8,33.8
01:30:07,27.8,33.8
01:30:17,27.8,33.7
01:30:27,27.8,34.0
01:30:37,27.8,34.1
01:30:47,27.8,34.1
01:30:57,27.8,34.2
01:31:07,27.8,34.2
01:31:17,27.8,34.1
01:31:27,27.8,34.0
01:31:37,27.8,33.9
01:31:47,27.8,33.9
01:31:57,27.8,34.0
01:32:07,27.8,33.8
01:32:17,27.8,33.6
01:32:27,27.8,33.6
01:32:37,27.8,33.6
01:32:47,27.8,33.5
01:32:57,27.8,33.4
01:33:07,27.8,33.3
01:33:17,27.8,33.3
01:33:27,27.8,33.3
01:33:37,27.8,33.4
01:33:47,27.8,33.3
01:33:57,27.8,33.3
01:34:07,27.8,33.4
01:34:17,27.8,33.6
01:34:27,27.8,33.7
01:34:37,27.8,33.9
01:34:47,27.8,34.0
01:34:57,27.8,33.9
01:35:07,27.8,33.9
01:35:17,27.8,33.9
01:35:27,27.8,33.9
01:35:37,27.8,33.9
01:35:47,27.8,33.9
01:35:56,27.9,33.9
01:36:07,27.8,33.9
01:36:17,27.8,34.0
01:36:27,27.8,34.2
01:36:37,27.8,34.2
01:36:47,27.8,34.1
01:36:57,27.8,34.1
01:37:07,27.8,34.0
01:37:17,27.9,34.0
01:37:27,27.8,34.0
01:37:37,27.8,33.9
01:37:47,27.8,33.9
01:37:57,27.9,33.9
01:38:07,27.8,33.9
01:38:17,27.8,34.0
01:38:27,27.8,33.9
01:38:37,27.9,33.8
01:38:47,27.8,33.8
01:38:57,27.8,34.0
01:39:07,27.8,34.1
01:39:17,27.9,34.1
01:39:27,27.8,33.9
01:39:37,27.8,34.0
01:39:47,27.9,34.0
01:39:57,27.9,34.1
01:40:07,27.8,34.1
01:40:17,27.8,34.1
01:40:27,27.8,34.1
01:40:37,27.8,34.1
01:40:47,27.9,34.1
01:40:57,27.8,34.0
01:41:07,27.8,34.0
01:41:17,27.9,34.0
01:41:27,27.8,33.8
01:41:37,27.8,33.7
01:41:47,27.9,33.7
01:41:57,27.8,33.8
01:42:07,27.8,33.9
01:42:17,27.9,33.9
01:42:27,27.9,33.8
01:42:37,27.9,33.7
01:42:47,27.8,33.7
01:42:57,27.8,33.5
01:43:07,27.8,33.6
01:43:17,27.8,33.5
01:43:27,27.8,33.6
01:43:37,27.8,33.6
01:43:47,27.9,33.7
01:43:57,27.8,33.8
01:44:06,27.9,33.7
01:44:17,27.9,33.7
01:44:27,27.8,33.6
01:44:37,27.9,33.6
01:44:47,27.9,33.5
01:44:57,27.8,33.4
01:45:07,27.8,33.3
01:45:17,27.9,33.2
01:45:27,27.8,33.2
01:45:37,27.9,33.2
01:45:47,27.9,33.2
01:45:57,27.8,33.4
01:46:07,27.9,33.5
01:46:17,27.9,33.4
01:46:26,27.8,33.1
01:46:37,27.9,32.9
01:46:47,27.9,33.0
01:46:57,27.9,33.0
01:47:07,27.8,33.2
01:47:17,27.8,33.3
01:47:27,27.9,33.4
01:47:37,27.9,33.2
01:47:47,27.9,33.1
01:47:57,27.8,33.5
01:48:07,27.9,33.6
01:48:17,27.9,33.4
01:48:27,27.9,33.6
01:48:36,27.9,33.7
01:48:47,27.9,33.9
01:48:57,27.9,33.9
01:49:07,27.9,34.0
01:49:17,27.9,34.0
01:49:26,27.9,34.1
01:49:37,27.9,34.1
01:49:47,27.9,34.2
01:49:57,27.9,34.2
01:50:07,27.9,34.2
01:50:17,27.9,34.2
01:50:27,27.9,34.3
01:50:37,27.9,34.2
01:50:47,27.9,34.2
01:50:57,27.9,34.2
01:51:07,27.9,34.2
01:51:17,27.9,34.2
01:51:27,27.9,34.2
01:51:37,27.9,34.1
01:51:47,27.8,34.1
01:51:57,27.9,34.1
01:52:07,27.9,34.1
01:52:17,27.9,34.1
01:52:27,27.9,34.1
01:52:37,27.9,34.2
01:52:47,27.9,34.2
01:52:57,27.9,34.2
01:53:07,27.9,34.1
01:53:17,27.9,34.1
01:53:27,27.9,34.2
01:53:37,27.9,34.1
01:53:47,27.9,34.1
01:53:57,27.9,34.1
01:54:07,27.9,34.1
01:54:17,27.9,34.1
01:54:27,27.9,34.1
01:54:37,27.9,34.1
01:54:47,27.9,34.1
01:54:57,27.9,34.1
01:55:07,27.9,34.1
01:55:16,27.9,34.0
01:55:27,27.9,34.1
01:55:37,27.9,34.0
01:55:47,27.9,34.1
01:55:57,27.9,34.1
01:56:07,27.9,34.0
01:56:17,27.9,33.9
01:56:27,27.9,34.0
01:56:37,27.9,34.0
01:56:47,27.9,34.0
01:56:57,27.9,34.1
01:57:07,27.9,34.1
01:57:17,27.9,34.1
01:57:27,27.9,34.1
01:57:37,27.9,34.1
01:57:47,27.9,34.0
01:57:57,27.9,34.1
01:58:07,27.9,34.2
01:58:17,27.9,34.3
01:58:27,27.9,34.2
01:58:37,27.9,34.3
01:58:47,27.9,34.1
01:58:57,27.9,34.2
01:59:07,27.9,34.1
01:59:17,27.9,34.2
01:59:27,27.9,34.1
01:59:37,27.9,34.1
01:59:46,27.9,34.1
01:59:57,27.9,34.1
02:00:07,27.9,34.1
02:00:17,27.9,34.1
02:00:27,27.9,34.2
02:00:37,27.9,34.1
02:00:47,27.9,34.1
02:00:57,27.9,34.2
02:01:07,27.9,34.1
02:01:17,27.9,34.2
02:01:27,27.9,34.1
02:01:37,27.9,34.2
02:01:47,27.9,34.2
02:01:57,27.9,34.2
02:02:07,27.9,34.1
02:02:17,27.9,34.1
02:02:27,27.9,34.1
02:02:37,27.9,34.1
02:02:47,27.9,34.2
02:02:57,27.9,34.2
02:03:07,27.9,34.1
02:03:17,27.9,34.2
02:03:27,27.9,34.1
02:03:37,27.9,34.1
02:03:47,27.9,34.0
02:03:57,27.9,34.0
02:04:07,27.9,34.0
02:04:17,27.9,34.0
02:04:27,27.9,34.0
02:04:37,27.9,34.0
02:04:47,27.9,33.9
02:04:57,27.9,33.9
02:05:07,27.9,34.1
02:05:17,27.9,34.2
02:05:27,27.9,34.2
02:05:37,27.9,34.1
02:05:47,27.9,34.0
02:05:57,27.9,34.0
02:06:07,27.9,34.0
02:06:17,27.9,33.9
02:06:27,27.9,33.8
02:06:37,27.9,33.9
02:06:47,27.9,34.0
02:06:57,27.9,33.9
02:07:07,27.9,33.7
02:07:17,27.9,33.7
02:07:27,27.9,33.6
02:07:37,27.9,33.4
02:07:47,27.9,33.5
02:07:57,27.9,33.5
02:08:07,27.9,33.6
02:08:16,27.9,33.4
02:08:27,27.9,33.1
02:08:37,27.9,33.2
02:08:47,27.9,33.2
02:08:57,27.9,33.1
02:09:07,27.9,33.3
02:09:17,27.9,33.2
02:09:27,27.9,32.9
02:09:37,27.9,33.1
02:09:47,27.9,33.2
02:09:57,27.9,33.1
02:10:07,27.9,33.1
02:10:17,27.9,33.1
02:10:27,27.9,33.0
02:10:37,27.9,32.9
02:10:47,27.9,33.0
02:10:57,27.9,32.9
02:11:07,27.9,32.9
02:11:17,27.9,32.8
02:11:27,27.9,32.8
02:11:37,27.9,33.0
02:11:47,27.9,33.0
02:11:57,27.9,33.0
02:12:07,27.9,32.8
02:12:16,27.9,32.8
02:12:27,27.9,32.8
02:12:37,27.9,32.7
02:12:48,27.9,32.6
02:12:57,27.9,32.5
02:13:07,27.9,32.5
02:13:19,27.9,32.4
02:13:29,27.9,32.2
02:13:37,27.9,32.1
02:13:48,27.9,32.0
02:13:57,27.9,32.0
02:14:07,27.9,32.0
02:14:18,27.9,32.1
02:14:27,27.9,32.1
02:14:37,27.9,32.2
02:14:47,27.9,32.2
02:14:57,27.9,32.1
02:15:07,27.9,32.0
02:15:17,27.9,31.9
02:15:28,27.9,31.8
02:15:37,27.9,31.8
02:15:48,27.9,31.8
02:15:57,27.9,31.9
02:16:07,27.9,31.9
02:16:17,27.9,31.8
02:16:27,27.9,31.9
02:16:37,27.9,32.0
02:16:47,27.9,31.9
02:16:57,27.9,32.0
02:17:07,27.9,32.0
02:17:17,27.9,31.9
02:17:27,27.9,31.9
02:17:37,27.9,32.0
02:17:47,27.9,32.1
02:17:57,27.9,32.1
02:18:07,27.9,32.0
02:18:17,27.9,31.8
02:18:27,27.9,31.8
02:18:37,27.9,31.7
02:18:47,27.9,31.7
02:18:57,27.9,31.6
02:19:07,27.9,31.5
02:19:17,27.9,31.5
02:19:27,27.9,31.5
02:19:37,27.9,31.5
02:19:47,27.9,31.6
02:19:57,27.9,31.6
02:20:06,27.9,31.7
02:20:17,27.9,31.8
02:20:27,27.9,31.7
02:20:37,27.9,31.8
02:20:47,27.9,31.9
02:20:57,27.9,31.9
02:21:07,27.9,31.8
02:21:17,27.9,31.8
02:21:27,27.9,31.8
02:21:37,27.9,31.8
02:21:47,27.9,31.9
02:21:57,27.9,32.0
02:22:07,27.9,31.9
02:22:17,27.9,31.9
02:22:27,27.9,31.8
02:22:37,27.9,31.7
02:22:47,27.9,31.7
02:22:57,27.9,31.7
02:23:07,27.9,31.6
02:23:17,27.9,31.2
02:23:27,27.9,31.0
02:23:37,27.9,31.2
02:23:47,27.9,31.2
02:23:57,27.9,31.1
02:24:07,27.9,31.1
02:24:17,27.9,31.2
02:24:27,27.9,31.3
02:24:37,27.9,31.2
02:24:47,27.9,31.2
02:24:57,27.9,31.2
02:25:07,27.9,31.1
02:25:17,27.9,31.0
02:25:27,27.9,30.9
02:25:37,27.9,30.9
02:25:47,27.9,30.8
02:25:57,27.9,31.0
02:26:06,27.9,31.3
02:26:17,27.9,31.2
02:26:27,27.9,31.3
02:26:37,27.9,31.4
02:26:47,27.9,31.2
02:26:57,27.9,31.1
02:27:07,27.9,31.2
02:27:17,27.9,31.3
02:27:27,27.9,31.4
02:27:36,27.9,31.3
02:27:47,27.9,31.4
02:27:57,27.9,31.5
02:28:07,27.9,31.6
02:28:17,27.9,31.6
02:28:27,28.0,31.6
02:28:37,27.9,31.3
02:28:47,27.9,31.1
02:28:57,27.9,31.1
02:29:06,27.9,31.1
02:29:17,28.0,31.0
02:29:27,27.9,30.9
02:29:37,27.9,30.9
02:29:47,27.9,30.9
02:29:57,27.9,30.9
02:30:07,27.9,30.9
02:30:17,28.0,30.9
02:30:27,28.0,31.0
02:30:37,27.9,31.0
02:30:47,27.9,30.9
02:30:57,27.9,31.0
02:31:07,27.9,31.0
02:31:17,28.0,31.0
02:31:27,28.0,31.0
02:31:37,27.9,31.1
02:31:47,28.0,31.0
02:31:57,27.9,30.9
02:32:07,28.0,30.9
02:32:17,28.0,30.8
02:32:27,27.9,30.9
02:32:36,28.0,30.9
02:32:47,28.0,30.8
02:32:57,28.0,30.8
02:33:07,28.0,30.8
02:33:17,28.0,30.7
02:33:27,27.9,30.7
02:33:37,28.0,30.6
02:33:46,27.9,30.5
02:33:57,28.0,30.6
02:34:07,28.0,30.5
02:34:17,27.9,30.5
02:34:27,28.0,30.6
02:34:36,28.0,30.5
02:34:47,28.0,30.7
02:34:57,27.9,30.7
02:35:07,27.9,30.7
02:35:17,27.9,30.7
02:35:27,27.9,30.6
02:35:37,27.9,30.7
02:35:47,28.0,30.8
02:35:57,28.0,30.9
02:36:07,27.9,30.8
02:36:17,28.0,30.8
02:36:27,27.9,30.6
02:36:37,28.0,30.7
02:36:47,27.9,30.8
02:36:57,28.0,30.8
02:37:07,28.0,30.6
02:37:17,27.9,30.4
02:37:27,27.9,30.1
02:37:37,28.0,30.0
02:37:47,28.0,30.0
02:37:57,27.9,29.8
02:38:07,27.9,29.8
02:38:17,27.9,29.6
02:38:27,28.0,29.6
02:38:37,27.9,29.5
02:38:47,27.9,29.7
02:38:57,27.9,29.9
02:39:07,28.0,30.0
02:39:17,28.0,30.2
02:39:27,28.0,30.3
02:39:37,27.9,30.4
02:39:47,28.0,30.3
02:39:57,27.9,30.2
02:40:07,28.0,30.2
02:40:17,28.0,30.2
02:40:27,28.0,30.2
02:40:37,27.9,30.2
02:40:47,28.0,30.0
02:40:57,27.9,30.0
02:41:07,27.9,29.9
02:41:17,27.9,29.8
02:41:27,28.0,29.9
02:41:37,27.9,29.8
02:41:47,28.0,29.2
02:41:57,27.9,28.8
02:42:07,28.0,28.7
02:42:17,27.9,28.8
02:42:27,27.9,28.9
02:42:37,28.0,28.5
02:42:46,27.9,28.3
02:42:57,27.9,28.3
02:43:07,27.9,28.2
02:43:17,28.0,28.0
02:43:27,27.9,28.2
02:43:37,28.0,28.4
02:43:47,27.9,28.7
02:43:57,28.0,28.9
02:44:07,27.9,28.9
02:44:17,27.9,29.0
02:44:27,27.9,29.0
02:44:37,28.0,28.9
02:44:47,28.0,28.8
02:44:57,28.0,28.6
02:45:07,27.9,28.3
02:45:16,28.0,28.1
02:45:27,28.0,28.1
02:45:37,27.9,28.3
02:45:47,27.9,28.4
02:45:57,27.9,28.2
02:46:07,27.9,28.1
02:46:17,27.9,27.9
02:46:27,27.9,27.9
02:46:37,27.9,27.9
02:46:47,27.9,27.9
02:46:57,27.9,27.8
02:47:07,27.9,28.0
02:47:17,27.9,28.1
02:47:27,27.9,28.1
02:47:37,27.9,28.0
02:47:47,27.9,28.0
02:47:57,27.9,28.2
02:48:07,27.9,28.3
02:48:17,28.0,28.3
02:48:27,28.0,28.2
02:48:37,27.9,28.1
02:48:47,27.9,28.2
02:48:57,27.9,28.2
02:49:07,27.9,28.3
02:49:17,27.9,28.2
02:49:27,28.0,28.1
02:49:37,27.9,28.2
02:49:47,27.9,28.0
02:49:57,27.9,27.9
02:50:07,27.9,28.0
02:50:17,27.9,28.2
02:50:27,27.9,28.3
02:50:37,28.0,28.4
02:50:47,27.9,28.4
02:50:57,27.9,28.4
02:51:07,27.9,28.3
02:51:17,27.9,28.3
02:51:27,27.9,28.3
02:51:37,28.0,28.3
02:51:47,28.0,28.3
02:51:57,27.9,28.4
02:52:07,27.9,28.1
02:52:17,28.0,27.9
02:52:27,27.9,27.9
02:52:37,27.9,28.0
02:52:47,28.0,27.9
02:52:57,27.9,28.0
02:53:07,27.9,27.9
02:53:17,27.9,27.9
02:53:27,28.0,27.9
02:53:37,27.9,27.8
02:53:47,27.9,27.8
02:53:57,28.0,27.7
02:54:07,27.9,27.7
02:54:17,28.0,27.7
02:54:27,28.0,27.8
02:54:37,27.9,27.9
02:54:47,28.0,27.9
02:54:57,28.0,27.9
02:55:07,28.0,28.0
02:55:17,28.0,28.0
02:55:27,28.0,27.9
02:55:37,28.0,27.9
02:55:47,28.0,27.3
02:55:57,28.0,27.1
02:56:07,28.0,27.1
02:56:17,28.0,26.9
02:56:27,28.0,26.9
02:56:36,28.0,26.4
02:56:47,28.0,26.5
02:56:57,28.0,26.3
02:57:07,28.0,26.2
02:57:17,28.0,26.2
02:57:27,28.0,26.1
02:57:37,28.0,26.1
02:57:47,28.0,26.1
02:57:57,28.0,25.9
02:58:07,27.9,25.9
02:58:17,28.0,26.4
02:58:26,28.0,26.6
02:58:37,28.0,26.6
02:58:47,27.9,26.8
02:58:57,27.9,27.0
02:59:07,27.9,27.0
02:59:17,27.9,27.1
02:59:27,27.9,26.9
02:59:37,27.9,26.9
02:59:47,27.9,26.7
02:59:57,27.9,26.7
03:00:07,27.9,26.7
03:00:17,27.9,26.7
03:00:27,27.9,26.8
03:00:37,27.9,26.9
03:00:47,27.9,27.0
03:00:57,27.9,27.0
03:01:07,27.9,27.1
03:01:17,27.9,27.0
03:01:27,27.9,26.7
03:01:37,27.9,26.8
03:01:47,27.9,26.8
03:01:57,27.9,27.0
03:02:07,27.9,26.9
03:02:17,27.9,26.8
03:02:27,28.0,26.8
03:02:37,27.9,26.8
03:02:47,27.9,26.9
03:02:57,27.9,26.9
03:03:07,27.9,26.9
03:03:17,27.9,27.0
03:03:27,28.0,27.1
03:03:37,27.9,27.1
03:03:47,27.9,27.2
03:03:57,27.9,27.2
03:04:07,28.0,27.2
03:04:17,27.9,27.2
03:04:27,28.0,27.0
03:04:37,28.0,27.0
03:04:47,28.0,27.0
03:04:57,27.9,27.0
03:05:07,27.9,27.1
03:05:17,28.0,27.1
03:05:27,28.0,27.2
03:05:37,28.0,27.2
03:05:47,28.0,27.2
03:05:57,28.0,27.2
03:06:07,28.0,27.3
03:06:17,28.0,27.3
03:06:26,28.0,27.3
03:06:37,28.0,27.3
03:06:47,28.0,27.3
03:06:57,28.0,27.3
03:07:07,28.0,27.3
03:07:17,28.0,27.4
03:07:27,28.0,27.3
03:07:37,28.0,27.3
03:07:47,28.0,27.4
03:07:57,28.0,27.3
03:08:07,28.0,27.3
03:08:17,28.0,27.3
03:08:27,28.0,27.3
03:08:37,28.0,27.3
03:08:47,28.0,27.3
03:08:57,28.0,27.2
03:09:07,28.0,27.2
03:09:17,28.0,27.2
03:09:27,28.0,27.2
03:09:37,28.0,27.2
03:09:47,28.0,27.3
03:09:57,28.0,27.3
03:10:07,28.0,27.3
03:10:17,28.0,27.5
03:10:27,28.0,27.5
03:10:37,28.0,27.4
03:10:47,28.0,27.4
03:10:57,28.0,27.3
03:11:07,28.0,27.3
03:11:17,28.0,27.3
03:11:27,28.0,27.2
03:11:37,28.0,27.2
03:11:47,28.0,27.3
03:11:57,28.0,27.4
03:12:07,28.0,27.5
03:12:17,28.0,27.6
03:12:27,28.0,27.4
03:12:37,28.0,27.2
03:12:47,28.0,27.3
03:12:57,28.0,27.3
03:13:07,28.0,27.4
03:13:17,28.0,27.4
03:13:27,28.0,27.4
03:13:37,28.0,27.3
03:13:47,28.0,27.3
03:13:57,28.0,27.2
03:14:07,28.0,27.0
03:14:17,28.0,27.2
03:14:27,28.0,27.2
03:14:37,28.0,27.2
03:14:47,28.0,27.2
03:14:57,28.0,27.1
03:15:07,28.0,27.0
03:15:17,28.0,27.0
03:15:27,28.0,26.8
03:15:37,28.0,26.7
03:15:47,28.0,26.7
03:15:57,28.0,26.7
03:16:07,28.0,26.7
03:16:17,28.0,26.6
03:16:27,28.0,26.6
03:16:37,28.0,26.4
03:16:47,28.0,26.4
03:16:57,28.0,26.3
03:17:07,28.0,26.3
03:17:17,28.0,26.3
03:17:27,28.0,26.0
03:17:37,28.0,26.1
03:17:47,28.0,26.1
03:17:57,28.0,26.0
03:18:07,28.0,26.1
03:18:17,28.0,26.1
03:18:27,28.0,26.2
03:18:37,28.0,26.2
03:18:47,28.0,25.9
03:18:57,28.0,25.9
03:19:07,28.0,26.0
03:19:17,28.0,26.0
03:19:27,28.0,26.0
03:19:37,28.0,26.4
03:19:47,28.0,26.1
03:19:57,28.0,25.6
03:20:07,28.0,25.7
03:20:17,28.0,25.8
03:20:27,28.0,25.6
03:20:37,28.0,25.6
03:20:47,28.0,25.8
03:20:57,28.0,25.9
03:21:07,28.0,26.0
03:21:17,28.0,25.9
03:21:27,28.0,25.9
03:21:37,28.0,25.9
03:21:47,28.0,25.9
03:21:57,28.0,25.9
03:22:07,28.0,26.0
03:22:17,28.0,25.9
03:22:27,28.0,25.8
03:22:37,28.0,25.8
03:22:47,28.0,25.8
03:22:57,28.0,25.8
03:23:07,28.0,25.9
03:23:17,28.0,26.0
03:23:27,28.0,26.0
03:23:37,28.0,26.0
03:23:47,28.0,26.0
03:23:57,28.0,26.2
03:24:06,28.0,26.3
03:24:17,28.0,26.2
03:24:27,28.0,26.2
03:24:37,28.0,26.1
03:24:47,28.0,26.1
03:24:57,28.0,26.1
03:25:07,28.0,25.9
03:25:17,28.0,26.0
03:25:27,28.0,26.0
03:25:37,28.0,26.1
03:25:47,28.0,26.1
03:25:57,28.0,26.2
03:26:07,28.0,26.2
03:26:17,28.0,26.2
03:26:27,28.0,26.2
03:26:37,28.0,26.3
03:26:47,28.0,26.4
03:26:57,28.0,26.4
03:27:07,28.0,26.4
03:27:17,28.0,26.3
03:27:27,28.0,26.3
03:27:37,28.0,26.2
03:27:47,28.0,26.2
03:27:57,28.0,26.2
03:28:07,28.0,26.2
03:28:17,28.0,26.2
03:28:27,28.0,26.2
03:28:37,28.0,26.2
03:28:47,28.0,26.3
03:28:57,28.0,26.3
03:29:07,28.0,26.3
03:29:17,28.0,26.3
03:29:27,28.0,26.2
03:29:37,28.0,26.2
03:29:47,28.0,26.3
03:29:57,28.0,26.3
03:30:07,28.0,26.4
03:30:17,28.0,26.5
03:30:27,28.0,26.6
03:30:37,28.0,26.6
03:30:47,28.0,26.5
03:30:57,28.0,26.5
03:31:07,28.1,26.6
03:31:17,28.0,26.7
03:31:27,28.0,26.8
03:31:37,28.0,26.8
03:31:47,28.0,26.8
03:31:57,28.0,26.9
03:32:07,28.0,26.9
03:32:17,28.0,27.0
03:32:26,28.0,26.8
03:32:37,28.0,26.6
03:32:47,28.0,26.6
03:32:57,28.0,26.7
03:33:07,28.0,26.7
03:33:17,28.0,26.6
03:33:27,28.0,26.8
03:33:36,28.0,26.9
03:33:47,28.0,26.9
03:33:57,28.0,26.8
03:34:07,28.0,26.7
03:34:17,28.0,26.7
03:34:27,28.0,26.7
03:34:37,28.0,26.6
03:34:47,28.0,26.5
03:34:57,28.0,26.4
03:35:07,28.0,26.4
03:35:17,28.0,26.2
03:35:27,28.0,26.1
03:35:37,28.0,26.3
03:35:47,28.0,26.3
03:35:57,28.0,26.0
03:36:07,28.0,26.0
03:36:17,28.0,26.0
03:36:27,28.0,26.0
03:36:37,28.0,26.1
03:36:47,28.0,26.0
03:36:57,28.0,26.0
03:37:07,28.0,26.0
03:37:17,28.0,26.1
03:37:27,28.0,26.1
03:37:37,28.0,26.1
03:37:47,28.0,26.3
03:37:57,28.0,26.3
03:38:07,28.0,26.1
03:38:17,28.0,25.9
03:38:27,28.0,26.0
03:38:37,28.0,26.1
03:38:47,28.0,26.1
03:38:57,28.0,26.0
03:39:07,28.0,26.0
03:39:17,28.0,26.0
03:39:27,28.0,26.1
03:39:37,28.0,26.0
03:39:47,28.0,26.1
03:39:57,28.0,26.1
03:40:07,28.0,26.1
03:40:17,28.0,26.1
03:40:27,28.0,26.1
03:40:37,28.0,26.2
03:40:47,28.0,26.2
03:40:57,28.0,26.3
03:41:07,28.0,26.2
03:41:17,28.0,26.1
03:41:27,28.0,26.1
03:41:37,28.0,26.2
03:41:47,28.0,26.2
03:41:57,28.1,26.2
03:42:07,28.1,26.2
03:42:17,28.0,26.2
03:42:27,28.0,26.2
03:42:37,28.0,26.2
03:42:47,28.1,26.2
03:42:57,28.0,26.2
03:43:07,28.1,26.3
03:43:17,28.1,26.2
03:43:27,28.0,26.2
03:43:37,28.1,26.2
03:43:47,28.0,26.2
03:43:57,28.1,26.1
03:44:07,28.1,26.1
03:44:17,28.1,26.1
03:44:27,28.1,26.1
03:44:37,28.1,26.1
03:44:47,28.0,26.3
03:44:57,28.0,26.3
03:45:07,28.1,26.3
03:45:17,28.1,26.3
03:45:27,28.1,26.2
03:45:37,28.1,26.2
03:45:47,28.1,26.1
03:45:57,28.1,26.0
03:46:06,28.1,26.0
03:46:17,28.0,26.0
03:46:27,28.1,26.1
03:46:37,28.1,26.2
03:46:47,28.0,26.1
03:46:57,28.0,26.0
03:47:07,28.1,25.8
03:47:17,28.1,25.8
03:47:27,28.0,25.7
03:47:37,28.0,25.9
03:47:47,28.0,25.9
03:47:57,28.0,25.8
03:48:07,28.0,25.7
03:48:17,28.1,26.1
03:48:27,28.0,26.1
03:48:37,28.0,26.0
03:48:47,28.0,25.9
03:48:57,28.1,26.0
03:49:07,28.0,25.9
03:49:17,28.0,25.9
03:49:27,28.0,25.8
03:49:37,28.0,25.7
03:49:47,28.0,25.7
03:49:57,28.0,25.7
03:50:07,28.0,25.7
03:50:17,28.0,25.7
03:50:27,28.0,25.8
03:50:37,28.0,25.8
03:50:47,28.0,25.8
03:50:57,28.0,25.7
03:51:07,28.0,25.6
03:51:17,28.0,25.8
03:51:27,28.0,25.9
03:51:37,28.0,25.8
03:51:47,28.0,25.7
03:51:57,28.0,25.8
03:52:07,28.0,25.7
03:52:17,28.0,25.9
03:52:27,28.0,26.0
03:52:37,28.0,25.9
03:52:47,28.0,25.9
03:52:57,28.1,25.8
03:53:07,28.0,25.8
03:53:17,28.0,26.0
03:53:27,28.0,26.0
03:53:37,28.0,26.0
03:53:47,28.1,25.9
03:53:57,28.0,26.0
03:54:07,28.0,26.1
03:54:17,28.0,26.1
03:54:27,28.0,25.9
03:54:37,28.1,26.0
03:54:47,28.1,26.0
03:54:57,28.1,26.0
03:55:07,28.0,26.1
03:55:17,28.1,26.1
03:55:27,28.1,26.1
03:55:37,28.0,26.0
03:55:47,28.1,26.0
03:55:57,28.1,26.0
03:56:07,28.1,26.0
03:56:17,28.1,26.0
03:56:27,28.1,26.1
03:56:37,28.1,26.0
03:56:47,28.1,26.0
03:56:56,28.1,26.0
03:57:07,28.1,26.0
03:57:17,28.1,26.1
03:57:27,28.1,26.2
03:57:37,28.1,26.1
03:57:47,28.0,26.1
03:57:57,28.1,26.0
03:58:07,28.1,26.1
03:58:17,28.1,26.1
03:58:27,28.1,26.1
03:58:37,28.1,26.1
03:58:47,28.1,26.0
03:58:57,28.1,26.0
03:59:07,28.1,25.9
03:59:17,28.1,25.9
03:59:27,28.1,25.9
03:59:37,28.1,25.9
03:59:47,28.1,25.9
03:59:57,28.1,25.9
04:00:07,28.1,26.0
04:00:17,28.1,26.1
04:00:27,28.1,26.1
04:00:37,28.1,26.3
04:00:47,28.1,26.2
04:00:57,28.1,26.2
04:01:07,28.1,26.3
04:01:17,28.1,26.3
04:01:27,28.1,26.3
04:01:37,28.1,26.2
04:01:47,28.1,26.1
04:01:57,28.1,26.1
04:02:07,28.1,26.0
04:02:17,28.1,26.1
04:02:27,28.1,26.2
04:02:37,28.1,26.2
04:02:47,28.1,26.2
04:02:57,28.1,26.1
04:03:07,28.1,26.1
04:03:17,28.1,26.0
04:03:27,28.0,26.1
04:03:36,28.1,26.1
04:03:47,28.1,26.1
04:03:57,28.1,26.0
04:04:07,28.1,25.9
04:04:17,28.1,25.9
04:04:27,28.1,26.0
04:04:37,28.1,25.9
04:04:47,28.1,25.9
04:04:57,28.1,25.9
04:05:07,28.1,25.9
04:05:17,28.1,26.0
04:05:27,28.1,26.0
04:05:37,28.1,26.0
04:05:47,28.1,25.9
04:05:57,28.1,26.1
04:06:07,28.1,26.1
04:06:17,28.1,26.1
04:06:27,28.1,26.0
04:06:37,28.1,26.0
04:06:47,28.1,25.9
04:06:57,28.1,25.8
04:07:07,28.1,25.8
04:07:17,28.1,25.8
04:07:27,28.1,25.8
04:07:37,28.1,25.8
04:07:47,28.1,25.8
04:07:57,28.1,25.9
04:08:07,28.1,25.9
04:08:17,28.1,25.9
04:08:27,28.1,25.9
04:08:37,28.1,25.9
04:08:47,28.1,25.9
04:08:57,28.1,25.9
04:09:07,28.1,25.9
04:09:17,28.1,25.8
04:09:27,28.1,25.8
04:09:37,28.1,25.8
04:09:47,28.1,25.9
04:09:57,28.1,25.9
04:10:07,28.1,25.9
04:10:17,28.1,25.9
04:10:27,28.1,25.8
04:10:37,28.1,25.7
04:10:47,28.1,25.8
04:10:57,28.1,25.8
04:11:07,28.1,25.8
04:11:17,28.1,25.9
04:11:27,28.1,25.8
04:11:37,28.1,25.7
04:11:47,28.1,25.6
04:11:57,28.1,25.8
04:12:07,28.1,25.8
04:12:17,28.1,25.7
04:12:27,28.1,25.6
04:12:37,28.1,25.6
04:12:47,28.1,25.7
04:12:57,28.1,25.2
04:13:07,28.1,25.4
04:13:17,28.1,25.5
04:13:27,28.1,25.4
04:13:37,28.1,25.2
04:13:47,28.1,25.1
04:13:57,28.1,25.4
04:14:07,28.0,25.3
04:14:17,28.1,25.4
04:14:27,28.1,25.3
04:14:37,28.0,25.3
04:14:47,28.1,25.4
04:14:57,28.0,25.3
04:15:07,28.0,25.1
04:15:17,28.0,24.9
04:15:27,28.0,25.1
04:15:37,28.1,25.3
04:15:47,28.1,25.2
04:15:57,28.0,25.3
04:16:07,28.1,25.3
04:16:17,28.1,25.3
04:16:27,28.0,25.3
04:16:37,28.1,25.3
04:16:47,28.1,25.4
04:16:57,28.0,25.4
04:17:07,28.0,25.4
04:17:17,28.1,25.3
04:17:27,28.0,25.2
04:17:37,28.0,25.1
04:17:47,28.1,25.2
04:17:56,28.0,25.1
04:18:07,28.1,25.0
04:18:17,28.1,25.0
04:18:27,28.1,25.0
04:18:37,28.1,25.0
04:18:47,28.0,25.1
04:18:57,28.0,25.1
04:19:07,28.0,25.2
04:19:17,28.0,25.2
04:19:27,28.1,25.3
04:19:37,28.0,25.2
04:19:47,28.0,25.3
04:19:57,28.0,25.2
04:20:07,28.0,25.0
04:20:17,28.0,25.1
04:20:27,28.0,25.4
04:20:36,28.0,25.4
04:20:47,28.0,25.3
04:20:57,28.0,25.3
04:21:07,28.0,25.2
04:21:17,28.0,25.3
04:21:27,28.0,25.1
04:21:37,28.0,25.1
04:21:47,28.0,25.3
04:21:57,28.0,25.3
04:22:07,28.0,25.5
04:22:17,28.0,25.4
04:22:27,28.0,25.2
04:22:37,28.0,25.0
04:22:47,28.0,24.9
04:22:57,28.0,24.7
04:23:07,28.0,24.6
04:23:17,28.0,24.6
04:23:27,28.0,24.7
04:23:37,28.0,24.9
04:23:47,28.0,24.9
04:23:57,28.0,24.9
04:24:07,28.0,25.0
04:24:17,28.0,25.0
04:24:27,28.0,25.0
04:24:37,28.0,25.0
04:24:47,28.0,25.0
04:24:57,28.0,25.0
04:25:07,28.0,24.9
04:25:17,28.0,25.0
04:25:27,28.0,25.1
04:25:37,28.0,25.0
04:25:47,28.0,24.8
04:25:57,28.0,24.8
04:26:07,28.0,24.7
04:26:17,28.0,24.6
04:26:27,28.0,24.7
04:26:37,28.0,24.7
04:26:47,28.0,24.8
04:26:57,28.0,24.6
04:27:07,28.0,24.6
04:27:17,28.0,24.6
04:27:27,28.0,24.4
04:27:37,28.0,24.4
04:27:46,28.0,24.4
04:27:57,28.0,24.2
04:28:07,28.0,24.3
04:28:17,28.0,24.3
04:28:27,28.0,24.4
04:28:37,28.0,24.3
04:28:47,28.0,24.4
04:28:57,28.0,24.5
04:29:07,28.0,24.3
04:29:17,28.0,24.5
04:29:27,28.0,24.5
04:29:37,28.0,24.5
04:29:47,28.0,24.5
04:29:57,28.0,24.5
04:30:07,28.0,24.4
04:30:17,28.0,24.4
04:30:27,28.0,24.5
04:30:37,28.0,24.4
04:30:47,28.0,24.4
04:30:57,28.0,24.2
04:31:07,28.0,24.3
04:31:17,28.0,24.2
04:31:27,28.0,24.4
04:31:37,28.0,24.3
04:31:47,28.0,24.5
04:31:57,28.0,24.3
04:32:07,28.0,24.3
04:32:17,28.0,24.2
04:32:27,28.0,24.0
04:32:37,28.0,24.2
04:32:47,28.0,24.2
04:32:57,28.0,24.2
04:33:07,28.0,24.5
04:33:17,28.0,24.3
04:33:27,28.0,24.3
04:33:37,28.0,24.2
04:33:47,28.0,24.2
04:33:57,28.0,24.1
04:34:07,28.0,24.1
04:34:17,28.0,24.1
04:34:27,28.0,23.9
04:34:37,28.0,24.0
04:34:47,28.0,24.1
04:34:57,28.0,24.0
04:35:07,28.0,24.2
04:35:17,28.0,24.5
04:35:27,28.0,24.4
04:35:37,28.0,24.2
04:35:47,28.0,24.2
04:35:57,28.0,24.3
04:36:07,28.0,24.2
04:36:17,28.0,24.3
04:36:27,28.0,24.5
04:36:37,28.0,24.4
04:36:47,28.0,24.5
04:36:57,28.0,24.5
04:37:07,28.0,24.2
04:37:17,28.0,24.0
04:37:27,28.0,23.8
04:37:37,28.0,23.8
04:37:47,28.0,23.8
04:37:57,28.0,23.9
04:38:07,28.0,24.2
04:38:17,28.0,24.3
04:38:27,28.0,24.2
04:38:37,28.0,24.0
04:38:47,28.0,23.8
04:38:57,28.0,23.9
04:39:07,28.0,23.8
04:39:17,28.0,23.9
04:39:27,28.0,24.0
04:39:37,28.0,24.0
04:39:47,28.0,23.8
04:39:57,28.0,23.9
04:40:07,28.0,23.6
04:40:17,28.0,23.5
04:40:27,28.0,23.3
04:40:37,28.0,23.4
04:40:47,28.0,23.5
04:40:57,28.0,23.6
04:41:07,28.0,23.6
04:41:17,28.0,23.6
04:41:27,28.0,23.5
04:41:37,28.0,23.6
04:41:47,28.0,23.5
04:41:57,28.0,23.4
04:42:07,28.0,23.6
04:42:17,28.0,23.5
04:42:27,28.0,23.4
04:42:37,28.0,23.5
04:42:47,28.0,23.5
04:42:57,28.0,23.5
04:43:07,28.0,23.6
04:43:17,28.0,23.7
04:43:27,28.0,23.6
04:43:37,28.0,23.6
04:43:47,28.0,23.6
04:43:57,28.0,23.6
04:44:07,28.0,23.5
04:44:17,28.0,23.6
04:44:27,28.0,23.4
04:44:37,28.0,23.2
04:44:47,28.0,23.0
04:44:57,28.0,23.1
04:45:07,28.0,23.3
04:45:17,28.0,23.3
04:45:27,28.0,23.4
04:45:37,28.0,23.6
04:45:47,28.0,23.6
04:45:57,28.0,23.6
04:46:07,28.0,23.5
04:46:17,28.0,23.4
04:46:27,28.0,23.5
04:46:37,28.0,23.4
04:46:47,28.0,23.1
04:46:57,28.0,22.9
04:47:07,28.0,23.1
04:47:17,28.0,23.3
04:47:27,28.0,23.3
04:47:37,28.0,23.2
04:47:47,28.0,23.0
04:47:57,28.0,23.2
04:48:07,28.0,23.2
04:48:17,28.0,23.2
04:48:26,28.0,23.3
04:48:37,28.0,23.4
04:48:47,28.0,23.6
04:48:57,28.0,23.6
04:49:07,28.0,23.4
04:49:17,28.0,23.2
04:49:27,28.0,23.2
04:49:37,28.0,23.3
04:49:47,28.0,23.1
04:49:57,28.0,23.1
04:50:07,28.0,23.0
04:50:17,28.0,23.4
04:50:27,28.0,23.7
04:50:37,28.0,23.6
04:50:47,28.0,23.4
04:50:57,28.0,23.3
04:51:07,28.0,23.2
04:51:17,28.0,23.2
04:51:27,28.0,23.2
04:51:37,28.0,23.2
04:51:47,28.0,23.3
04:51:57,28.0,23.3
04:52:07,28.0,23.2
04:52:17,28.0,23.0
04:52:27,28.0,22.9
04:52:37,28.0,23.0
04:52:47,28.0,23.1
04:52:56,28.0,23.2
04:53:07,28.0,23.3
04:53:17,28.0,23.2
04:53:27,28.0,23.1
04:53:37,28.0,23.1
04:53:47,28.0,23.3
04:53:56,28.0,23.2
04:54:07,28.0,23.1
04:54:17,28.0,23.1
04:54:27,28.0,22.9
04:54:37,28.0,22.9
04:54:47,28.0,22.9
04:54:57,28.0,22.9
04:55:07,28.0,22.7
04:55:17,28.0,22.7
04:55:27,28.0,22.6
04:55:37,28.0,22.7
04:55:47,28.0,23.0
04:55:57,28.0,23.2
04:56:07,28.0,23.0
04:56:16,28.0,22.8
04:56:26,28.0,22.6
04:56:37,28.0,22.6
04:56:47,28.0,22.9
04:56:57,28.0,22.9
04:57:07,28.0,22.9
04:57:17,28.0,22.8
04:57:27,28.0,22.8
04:57:37,28.0,23.0
04:57:47,28.0,23.3
04:57:57,28.0,23.0
04:58:07,28.0,22.9
04:58:17,28.0,22.9
04:58:27,28.0,22.8
04:58:37,28.0,22.9
04:58:47,28.0,23.0
04:58:57,28.0,23.0
04:59:07,28.0,22.9
04:59:17,28.0,23.0
04:59:27,28.0,22.8
04:59:37,28.0,22.9
04:59:47,28.0,22.9
04:59:57,28.0,22.9
05:00:07,28.0,23.0
05:00:17,28.0,22.9
05:00:27,28.0,22.8
05:00:37,28.0,22.5
05:00:47,28.0,22.3
05:00:57,28.0,22.3
05:01:07,28.0,22.3
05:01:17,28.0,22.3
05:01:27,28.0,22.3
05:01:37,28.0,22.6
05:01:47,28.0,22.6
05:01:57,28.0,22.6
05:02:07,28.0,22.5
05:02:17,28.0,22.5
05:02:27,28.0,22.3
05:02:37,28.0,22.2
05:02:47,28.0,21.9
05:02:57,28.0,21.8
05:03:07,28.0,22.0
05:03:17,28.0,22.3
05:03:27,28.0,22.2
05:03:37,28.0,22.1
05:03:47,28.0,22.1
05:03:57,28.0,22.3
05:04:07,28.0,22.5
05:04:17,28.0,22.3
05:04:27,28.0,22.3
05:04:37,28.0,22.3
05:04:47,28.0,22.4
05:04:57,28.0,22.3
05:05:07,28.0,22.5
05:05:17,28.0,22.6
05:05:26,27.9,22.4
05:05:37,28.0,22.4
05:05:47,28.0,22.3
05:05:57,28.0,22.4
05:06:07,27.9,22.4
05:06:17,28.0,22.5
05:06:27,27.9,22.3
05:06:37,28.0,22.3
05:06:47,27.9,22.2
05:06:57,28.0,22.3
05:07:07,28.0,22.3
05:07:17,28.0,22.4
05:07:27,28.0,22.5
05:07:37,28.0,22.7
05:07:47,28.0,22.8
05:07:57,28.0,22.5
05:08:07,28.0,22.4
05:08:17,28.0,22.4
05:08:27,28.0,22.6
05:08:37,28.0,22.6
05:08:47,28.0,22.5
05:08:57,28.0,22.5
05:09:07,28.0,22.4
05:09:17,28.0,22.4
05:09:27,28.0,22.5
05:09:37,28.0,22.4
05:09:47,28.0,22.5
05:09:57,28.0,22.5
05:10:07,28.0,22.5
05:10:17,28.0,22.3
05:10:27,28.0,22.2
05:10:37,28.0,22.1
05:10:47,28.0,22.2
05:10:57,28.0,22.2
05:11:07,28.0,22.3
05:11:17,28.0,22.1
05:11:27,28.0,22.3
05:11:37,28.0,22.4
05:11:47,28.0,22.5
05:11:57,28.0,22.5
05:12:07,28.0,22.4
05:12:17,28.0,22.1
05:12:27,28.0,22.2
05:12:37,28.0,22.2
05:12:47,28.0,22.2
05:12:57,28.0,22.1
05:13:07,28.0,22.0
05:13:17,28.0,21.9
05:13:27,28.0,21.8
05:13:37,28.0,21.9
05:13:47,28.0,22.0
05:13:57,28.0,22.0
05:14:07,28.0,22.0
05:14:17,28.0,21.9
05:14:27,28.0,22.0
05:14:37,28.0,21.9
05:14:47,28.0,21.9
05:14:58,28.0,21.8
05:15:07,28.0,21.8
05:15:17,28.0,21.8
05:15:27,28.0,21.9
05:15:37,28.0,21.9
05:15:47,28.0,21.8
05:15:57,28.0,21.7
05:16:06,28.0,21.3
05:16:17,28.0,21.7
05:16:27,28.0,21.8
05:16:37,28.0,21.8
05:16:47,28.0,21.8
05:16:57,28.0,21.8
05:17:07,28.0,21.7
05:17:17,28.0,21.7
05:17:27,28.0,21.7
05:17:37,28.0,21.6
05:17:47,28.0,21.6
05:17:56,28.0,21.6
05:18:07,28.0,21.8
05:18:17,28.0,21.7
05:18:27,28.0,21.6
05:18:37,28.0,21.5
05:18:47,28.0,21.5
05:18:57,28.0,21.5
05:19:07,28.0,21.6
05:19:17,28.0,21.6
05:19:27,28.0,21.5
05:19:37,28.0,21.3
05:19:46,28.0,21.1
05:19:57,28.0,21.2
05:20:07,28.0,21.3
05:20:17,27.9,21.3
05:20:27,28.0,21.5
05:20:37,28.0,21.5
05:20:47,28.0,21.4
05:20:57,27.9,21.3
05:21:07,27.9,21.2
05:21:17,27.9,21.2
05:21:27,28.0,21.4
05:21:37,28.0,21.5
05:21:47,27.9,21.4
05:21:57,28.0,21.3
05:22:07,27.9,21.2
05:22:17,27.9,21.1
05:22:27,27.9,21.2
05:22:37,27.9,21.3
05:22:47,27.9,21.2
05:22:57,28.0,21.4
05:23:07,28.0,21.5
05:23:17,27.9,21.4
05:23:27,28.0,21.2
05:23:37,27.9,21.2
05:23:47,28.0,21.5
05:23:57,27.9,21.6
05:24:07,27.9,21.4
05:24:17,27.9,21.3
05:24:27,28.0,21.3
05:24:37,28.0,21.3
05:24:46,28.0,21.3
05:24:57,28.0,21.2
05:25:07,28.0,21.3
05:25:17,27.9,21.3
05:25:27,28.0,21.4
05:25:37,28.0,21.3
05:25:47,28.0,21.4
05:25:57,27.9,21.3
05:26:07,28.0,21.2
05:26:16,27.9,21.2
05:26:27,28.0,21.1
05:26:37,28.0,21.1
05:26:47,27.9,21.3
05:26:57,28.0,21.3
05:27:07,27.9,21.3
05:27:17,28.0,21.4
05:27:27,28.0,21.4
05:27:37,27.9,21.4
05:27:46,28.0,21.4
05:27:57,27.9,21.4
05:28:07,28.0,21.3
05:28:17,27.9,21.1
05:28:27,28.0,21.1
05:28:36,28.0,20.9
05:28:47,28.0,20.8
05:28:57,28.0,20.7
05:29:07,28.0,20.4
05:29:17,27.9,20.6
05:29:27,27.9,20.8
05:29:37,28.0,20.9
05:29:47,28.0,20.8
05:29:57,27.9,20.9
05:30:07,28.0,20.7
05:30:17,28.0,20.3
05:30:27,27.9,20.3
05:30:37,27.9,20.4
05:30:47,28.0,20.1
05:30:57,27.9,19.8
05:31:07,28.0,20.2
05:31:16,27.9,19.9
05:31:27,27.9,19.9
05:31:37,27.9,19.7
05:31:47,27.9,19.8
05:31:57,27.9,20.0
05:32:07,27.9,19.9
05:32:17,27.9,20.3
05:32:27,27.9,20.3
05:32:37,27.9,20.0
05:32:47,27.9,19.7
05:32:57,27.9,19.9
05:33:07,27.9,20.1
05:33:17,28.0,19.7
05:33:27,27.9,19.3
05:33:37,27.9,19.3
05:33:47,27.9,19.1
05:33:57,27.9,19.2
05:34:06,27.9,19.1
05:34:17,27.9,19.1
05:34:27,27.9,19.4
05:34:36,27.9,19.5
05:34:47,27.9,19.1
05:34:57,27.9,19.0
05:35:07,27.9,19.1
05:35:17,27.9,19.1
05:35:27,27.9,19.2
05:35:37,27.9,19.2
05:35:47,27.9,19.4
05:35:58,27.9,19.5
05:36:07,27.9,19.6
05:36:17,27.9,19.4
05:36:27,27.9,19.2
05:36:37,27.9,19.2
05:36:47,27.9,19.2
05:36:57,27.9,19.1
05:37:07,27.9,19.0
05:37:17,27.9,19.3
05:37:27,27.9,19.3
05:37:37,27.9,18.8
05:37:47,27.9,18.7
05:37:56,27.9,18.7
05:38:07,27.9,18.9
05:38:17,27.9,19.2
05:38:27,27.9,19.3
05:38:37,27.9,19.5
05:38:47,27.9,19.3
05:38:57,27.8,19.4
05:39:07,27.9,19.5
05:39:17,27.8,19.3
05:39:27,27.8,19.4
05:39:37,27.9,19.5
05:39:47,27.8,19.3
05:39:57,27.9,19.4
05:40:07,27.9,19.5
05:40:17,27.8,19.5
05:40:27,27.8,19.5
05:40:37,27.9,19.4
05:40:47,27.8,19.5
05:40:57,27.8,19.8
05:41:07,27.9,19.9
05:41:17,27.8,20.0
05:41:27,27.8,20.0
05:41:37,27.8,20.0
05:41:47,27.9,20.0
05:41:57,27.9,20.0
05:42:07,27.9,20.1
05:42:17,27.9,20.3
05:42:27,27.9,20.2
05:42:37,27.9,20.1
05:42:47,27.9,20.3
05:42:57,27.9,20.4
05:43:07,27.9,20.3
05:43:17,27.8,20.4
05:43:27,27.9,20.3
05:43:37,27.9,20.2
05:43:47,27.9,20.2
05:43:57,27.9,20.3
05:44:07,27.9,20.4
05:44:17,27.9,20.4
05:44:27,27.9,20.2
05:44:37,27.9,20.0
05:44:47,27.9,20.1
05:44:57,27.9,20.0
05:45:07,27.9,20.0
05:45:17,27.9,20.1
05:45:27,27.9,20.1
05:45:37,27.9,20.1
05:45:47,27.9,20.1
05:45:57,27.9,20.1
05:46:07,27.9,20.2
05:46:17,27.9,20.3
05:46:27,27.9,20.2
05:46:37,27.9,20.3
05:46:47,27.9,20.1
05:46:57,27.9,20.2
05:47:07,27.9,20.3
05:47:17,27.9,20.4
05:47:27,27.9,20.4
05:47:37,27.9,20.4
05:47:47,27.9,20.2
05:47:56,27.9,20.0
05:48:07,27.9,20.2
05:48:17,27.9,20.1
05:48:27,27.9,20.0
05:48:37,27.9,19.5
05:48:47,27.9,19.6
05:48:57,27.9,19.6
05:49:07,27.9,19.6
05:49:17,27.9,19.7
05:49:27,27.9,19.6
05:49:37,27.9,19.7
05:49:47,27.9,19.9
05:49:57,27.9,19.6
05:50:07,27.9,19.7
05:50:17,27.9,19.4
05:50:27,27.9,19.3
05:50:37,27.9,19.4
05:50:47,27.9,19.4
05:50:57,27.9,19.8
05:51:07,27.9,19.7
05:51:17,27.9,19.8
05:51:27,27.9,19.8
05:51:37,27.9,19.9
05:51:47,27.9,19.9
05:51:57,27.9,19.7
05:52:07,27.9,19.7
05:52:17,27.9,19.8
05:52:27,27.9,19.8
05:52:37,27.9,20.0
05:52:47,27.9,20.0
05:52:57,27.9,20.0
05:53:07,27.9,20.0
05:53:17,27.9,19.9
05:53:27,27.9,19.9
05:53:37,27.9,19.8
05:53:47,27.9,19.8
05:53:57,27.9,19.8
05:54:07,27.9,19.8
05:54:17,27.9,20.0
05:54:27,27.9,20.2
05:54:37,27.9,20.1
05:54:47,27.9,20.1
05:54:57,27.9,20.0
05:55:07,27.9,19.9
05:55:17,27.9,20.0
05:55:27,27.9,19.9
05:55:37,27.9,20.2
05:55:47,27.9,20.1
05:55:57,27.9,20.0
05:56:07,27.9,20.1
05:56:17,27.9,20.1
05:56:27,27.9,20.2
05:56:37,27.9,20.2
05:56:47,27.9,20.1
05:56:57,27.9,20.2
05:57:07,27.9,20.1
05:57:17,27.9,19.9
05:57:27,27.9,19.9
05:57:37,27.9,19.9
05:57:47,27.9,19.7
05:57:57,27.9,19.6
05:58:07,27.9,19.4
05:58:17,27.9,19.5
05:58:27,27.9,19.7
05:58:37,27.9,19.7
05:58:47,27.9,19.6
05:58:57,27.9,19.6
05:59:07,27.9,19.5
05:59:17,27.9,19.4
05:59:27,27.9,19.2
05:59:37,27.9,19.0
05:59:46,27.9,19.0
05:59:57,27.9,19.0
06:00:07,27.9,18.9
06:00:17,27.9,19.1
06:00:27,27.9,19.1
06:00:36,27.9,19.2
06:00:47,27.9,19.3
06:01:57,27.9,19.2
06:02:07,27.9,19.2
06:02:17,27.9,19.2
06:02:27,27.9,19.2
06:02:37,27.9,19.2
06:02:47,27.9,19.3
06:02:57,27.9,19.4
06:03:07,27.9,19.3
06:03:17,27.9,18.9
06:03:27,27.9,19.1
06:03:37,27.9,19.1
06:03:47,27.9,19.2
06:03:57,27.9,19.2
06:04:07,27.9,19.3
06:04:17,27.9,19.3
06:04:26,27.9,19.4
06:04:37,27.9,19.4
06:04:47,27.9,19.3
06:04:57,27.9,19.1
06:05:07,27.9,19.2
06:05:17,27.9,19.1
06:05:27,27.9,19.2
06:05:37,27.9,19.4
06:05:47,27.9,19.3
06:05:57,27.9,19.3
06:06:07,27.9,19.2
06:06:17,27.9,19.2
06:06:27,27.9,18.9
06:06:37,27.9,19.1
06:06:47,27.9,19.2
06:06:57,27.9,19.1
06:07:07,27.9,19.1
06:07:17,27.9,19.2
06:07:27,27.9,19.0
06:07:37,27.9,18.8
06:07:47,27.9,18.8
06:07:57,27.9,18.9
06:08:07,27.9,19.3
06:08:17,27.9,19.3
06:08:27,27.9,19.3
06:08:36,27.9,19.1
06:08:47,27.9,19.2
06:08:57,27.9,19.3
06:09:07,27.9,19.2
06:09:17,27.9,19.2
06:09:27,27.9,19.2
06:09:37,27.9,19.2
06:09:47,27.9,19.3
06:09:57,27.9,19.4
06:10:07,27.9,19.0
06:10:17,27.9,18.7
06:10:27,27.9,18.7
06:10:37,27.9,18.6
06:10:47,27.9,18.5
06:10:57,27.9,18.4
06:11:08,27.9,18.3
06:11:17,27.9,18.2
06:11:27,27.8,18.2
06:11:37,27.9,18.3
06:11:47,27.9,18.4
06:11:57,27.9,18.2
06:12:07,27.9,18.3
06:12:17,27.9,18.3
06:12:27,27.9,18.4
06:12:37,27.9,18.4
06:12:47,27.9,18.3
06:12:57,27.9,18.2
06:13:07,27.9,18.3
06:13:17,27.9,18.3
06:13:27,27.8,18.2
06:13:37,27.9,18.3
06:13:47,27.9,18.4
06:13:57,27.8,18.2
06:14:07,27.9,18.0
06:14:17,27.9,18.0
06:14:27,27.8,17.6
06:14:37,27.8,17.4
06:14:47,27.9,17.5
06:14:57,27.8,17.8
06:15:07,27.8,17.8
06:15:17,27.8,18.1
06:15:27,27.8,18.2
06:15:37,27.8,18.4
06:15:47,27.8,18.4
06:15:57,27.8,18.2
06:16:07,27.8,18.1
06:16:17,27.8,18.3
06:16:27,27.8,18.4
06:16:37,27.8,18.1
06:16:47,27.8,17.8
06:16:57,27.8,17.5
06:17:07,27.8,17.4
06:17:17,27.8,17.7
06:17:27,27.8,17.9
06:17:37,27.8,18.2
06:17:47,27.8,18.0
06:17:57,27.8,17.9
06:18:07,27.8,18.0
06:18:17,27.8,18.2
06:18:26,27.8,18.3
06:18:37,27.8,18.3
06:18:47,27.8,18.4
06:18:57,27.8,18.3
06:19:07,27.8,18.0
06:19:17,27.8,17.9
06:19:27,27.8,17.9
06:19:37,27.8,18.1
06:19:47,27.8,18.2
06:19:57,27.8,18.1
06:20:07,27.8,17.8
06:20:17,27.8,18.0
06:20:26,27.9,18.1
06:20:37,27.8,18.3
06:20:47,27.9,18.1
06:20:57,27.9,18.1
06:21:07,27.8,18.0
06:21:17,27.8,18.1
06:21:27,27.9,18.3
06:21:37,27.8,18.4
06:21:47,27.8,18.5
06:21:57,27.9,18.6
06:22:07,27.9,18.6
06:22:17,27.8,18.5
06:22:27,27.9,18.6
06:22:37,27.8,18.5
06:22:47,27.8,18.5
06:22:57,27.9,18.5
06:23:07,27.8,18.4
06:23:17,27.9,18.6
06:23:27,27.8,18.7
06:23:37,27.9,18.6
06:23:47,27.9,18.6
06:23:57,27.9,18.9
06:24:07,27.8,18.9
06:24:17,27.9,18.9
06:24:27,27.9,18.6
06:24:37,27.9,18.5
06:24:46,27.8,18.6
06:24:57,27.9,18.6
06:25:07,27.9,18.7
06:25:17,27.9,18.8
06:25:27,27.9,18.8
06:25:37,27.9,18.7
06:25:47,27.9,18.7
06:25:57,27.9,18.8
06:26:07,27.9,18.9
06:26:17,27.9,18.8
06:26:27,27.9,18.7
06:26:37,27.9,18.8
06:26:47,27.9,18.9
06:26:57,27.9,18.8
06:27:07,27.9,18.8
06:27:17,27.9,18.8
06:27:27,27.9,18.8
06:27:37,27.9,18.7
06:27:47,27.9,18.5
06:27:57,27.9,18.4
06:28:06,27.9,18.5
06:28:17,27.9,18.6
06:28:27,27.9,18.6
06:28:37,27.9,18.7
06:28:47,27.9,18.8
06:28:57,27.9,18.9
06:29:07,27.9,18.7
06:29:17,27.9,18.6
06:29:27,27.9,18.7
06:29:37,27.9,18.6
06:29:47,27.9,18.8
06:29:57,27.9,18.9
06:30:07,27.9,18.7
06:30:17,27.9,18.5
06:30:27,27.9,18.4
06:30:37,27.9,18.4
06:30:47,27.9,18.5
06:30:57,27.9,18.5
06:31:07,27.9,18.6
06:31:17,27.9,18.7
06:31:27,27.9,18.6
06:31:37,27.9,18.6
06:31:47,27.9,18.5
06:31:57,27.9,18.5
06:32:07,27.9,18.7
06:32:17,27.9,18.5
06:32:27,27.9,18.6
06:32:37,27.9,18.3
06:32:47,27.9,18.4
06:32:57,27.9,18.5
06:33:07,27.9,18.4
06:33:17,27.9,18.5
06:33:27,27.9,18.3
06:33:37,27.9,18.3
06:33:47,27.9,18.3
06:33:57,27.9,18.5
06:34:07,27.9,18.5
06:34:17,27.9,18.5
06:34:27,27.9,18.6
06:34:37,27.9,18.5
06:34:47,27.9,18.6
06:34:57,27.9,18.5
06:35:07,27.9,18.4
06:35:17,27.9,18.1
06:35:27,27.9,18.0
06:35:37,27.9,18.2
06:35:47,27.9,18.4
06:35:56,27.9,18.5
06:36:07,27.9,18.6
06:36:17,27.9,18.4
06:36:27,27.9,18.3
06:36:37,27.9,18.2
06:36:47,27.9,18.2
06:36:57,27.9,18.0
06:37:07,27.9,18.3
06:37:17,27.9,18.2
06:37:27,27.9,18.0
06:37:37,27.9,17.9
06:37:47,27.9,17.7
06:37:57,27.9,17.9
06:38:07,27.9,18.0
06:38:17,27.9,18.0
06:38:27,27.9,18.1
06:38:37,27.9,18.2
06:38:46,27.9,18.3
06:38:57,27.9,18.3
06:39:07,27.9,18.3
06:39:17,27.9,18.2
06:39:27,27.9,18.1
06:39:37,27.9,17.9
06:39:47,27.9,17.9
06:39:57,27.9,17.8
06:40:07,27.9,17.6
06:40:17,27.9,17.6
06:40:27,27.9,17.8
06:40:37,27.9,17.9
06:40:47,27.9,17.8
06:40:57,27.9,17.9
06:41:07,27.9,18.1
06:41:17,27.9,18.2
06:41:27,27.9,18.3
06:41:37,27.9,18.2
06:41:47,27.9,18.2
06:41:56,27.9,18.6
06:42:07,27.9,18.2
06:42:17,27.9,18.2
06:42:27,27.9,18.2
06:42:37,27.9,18.3
06:42:47,27.9,18.4
06:42:57,27.9,18.3
06:43:06,27.9,18.2
06:43:17,27.9,18.3
06:43:27,27.9,18.4
06:43:37,27.9,18.3
06:43:47,27.9,18.1
06:43:57,27.9,18.2
06:44:07,27.9,18.0
06:44:17,27.9,18.1
06:44:27,27.9,18.0
06:44:37,27.9,17.9
06:44:47,27.9,17.9
06:44:57,27.9,18.0
06:45:07,27.9,18.2
06:45:17,27.9,18.2
06:45:27,27.9,18.3
06:45:37,27.9,18.5
06:45:47,27.9,18.5
06:45:57,27.9,18.4
06:46:07,27.9,18.5
06:46:17,27.9,18.4
06:46:27,27.9,18.3
06:46:37,27.9,18.2
06:46:47,27.9,18.4
06:46:57,27.9,18.4
06:47:07,27.9,18.5
06:47:17,27.9,18.4
06:47:27,27.9,18.4
06:47:37,27.9,18.5
06:47:47,27.9,18.5
06:47:57,27.9,18.5
06:48:07,27.9,18.5
06:48:17,27.9,18.4
06:48:27,27.9,18.5
06:48:37,27.9,18.5
06:48:47,27.9,18.6
06:48:57,27.9,18.5
06:49:07,27.9,18.6
06:49:17,27.9,18.6
06:49:27,27.9,18.5
06:49:37,27.9,18.4
06:49:47,27.9,18.4
06:49:57,27.9,18.3
06:50:07,27.9,18.4
06:50:17,27.9,18.4
06:50:27,27.9,18.5
06:50:37,27.9,18.3
06:50:47,27.9,18.1
06:50:57,28.0,18.1
06:51:07,27.9,18.5
06:51:17,27.9,18.6
06:51:27,27.9,18.4
06:51:37,27.9,18.6
06:51:47,27.9,18.5
06:51:57,27.9,18.5
06:52:07,27.9,18.4
06:52:17,27.9,18.5
06:52:27,27.9,18.4
06:52:37,27.9,18.4
06:52:47,27.9,18.4
06:52:57,27.9,18.6
06:53:07,27.9,18.6
06:53:17,27.9,18.5
06:53:27,27.9,18.6
06:53:37,27.9,18.6
06:53:47,27.9,18.8
06:53:57,28.0,19.0
06:54:07,27.9,19.0
06:54:17,27.9,18.8
06:54:26,27.9,18.8
06:54:37,27.9,18.6
06:54:47,27.9,18.6
06:54:57,28.0,18.5
06:55:07,28.0,18.4
06:55:17,28.0,18.4
06:55:27,28.0,18.5
06:55:37,27.9,18.6
06:55:47,27.9,18.7
06:55:57,27.9,18.6
06:56:07,27.9,18.4
06:56:17,28.0,18.7
06:56:27,27.9,18.6
06:56:37,28.0,18.5
06:56:47,28.0,18.6
06:56:57,28.0,18.7
06:57:07,28.0,18.6
06:57:17,28.0,18.7
06:57:27,28.0,18.7
06:57:37,27.9,18.7
06:57:47,28.0,18.5
06:57:57,27.9,18.6
06:58:07,28.0,18.5
06:58:17,27.9,18.6
06:58:27,27.9,18.6
06:58:37,28.0,18.5
06:58:47,28.0,18.5
06:58:57,28.0,18.3
06:59:07,27.9,18.2
06:59:17,28.0,18.2
06:59:27,28.0,18.2
06:59:37,28.0,18.2
06:59:47,28.0,18.2
06:59:57,28.0,18.4
07:00:07,28.0,18.4
07:00:17,28.0,18.4
07:00:27,28.0,18.2
07:00:37,28.0,18.2
07:00:47,28.0,18.6
07:00:57,28.0,18.8
07:01:07,28.0,19.0
07:01:17,28.0,19.0
07:01:27,28.0,19.0
07:01:37,28.0,18.9
07:01:47,28.0,18.7
07:01:57,28.0,18.3
07:02:07,28.0,18.4
07:02:17,28.0,18.4
07:02:26,28.0,18.4
07:02:37,28.0,18.5
07:02:47,28.0,18.4
07:02:57,28.0,18.3
07:03:07,28.0,18.5
07:03:17,28.0,18.5
07:03:27,28.0,18.7
07:03:37,28.0,18.6
07:03:47,28.0,18.8
07:03:57,28.0,18.7
07:04:07,28.0,18.5
07:04:17,28.0,18.5
07:04:27,28.0,18.4
07:04:37,28.0,18.7
07:04:47,28.0,18.7
07:04:57,28.0,18.9
07:05:07,28.0,18.8
07:05:17,28.0,18.4
07:05:27,28.0,18.4
07:05:37,28.0,18.2
07:05:47,28.0,18.2
07:05:57,28.0,18.2
07:06:07,28.0,18.4
07:06:17,28.0,18.5
07:06:27,28.0,18.7
07:06:37,28.0,18.8
07:06:47,28.0,18.9
07:06:57,28.0,18.9
07:07:07,28.0,18.7
07:07:17,28.0,18.7
07:07:27,28.0,19.0
07:07:37,28.0,19.1
07:07:47,28.0,19.2
07:07:57,28.0,19.3
07:08:07,28.0,19.1
07:08:17,28.0,18.6
07:08:27,28.0,18.8
07:08:37,28.0,19.0
07:08:47,28.0,19.1
07:08:57,28.0,19.1
07:09:07,28.0,19.0
07:09:17,28.0,18.8
07:09:27,28.0,18.7
07:09:37,28.0,18.7
07:09:47,28.0,18.7
07:09:57,28.0,18.6
07:10:07,28.0,18.4
07:10:17,28.0,18.6
07:10:28,28.0,18.9
07:10:37,28.0,18.9
07:10:47,28.0,18.9
07:10:57,28.0,19.0
07:11:07,28.0,18.8
07:11:17,28.0,18.7
07:11:27,28.0,18.8
07:11:37,28.0,18.8
07:11:47,28.0,18.7
07:11:57,28.1,18.8
07:12:07,28.0,18.7
07:12:17,28.0,18.7
07:12:27,28.0,18.6
07:12:37,28.0,18.6
07:12:47,28.0,18.8
07:12:57,28.1,18.8
07:13:07,28.0,18.8
07:13:17,28.0,18.7
07:13:27,28.1,18.7
07:13:37,28.0,18.7
07:13:47,28.0,18.8
07:13:57,28.0,18.8
07:14:07,28.0,18.9
07:14:17,28.1,18.9
07:14:27,28.1,18.8
07:14:37,28.0,18.8
07:14:47,28.1,18.7
07:14:57,28.0,18.7
07:15:07,28.0,18.7
07:15:17,28.1,18.8
07:15:27,28.0,18.8
07:15:37,28.1,19.0
07:15:47,28.1,19.4
07:15:57,28.1,19.6
07:16:07,28.1,19.7
07:16:17,28.0,19.6
07:16:27,28.1,19.5
07:16:37,28.1,19.2
07:16:47,28.1,18.9
07:16:57,28.1,19.0
07:17:07,28.0,19.3
07:17:17,28.1,19.4
07:17:27,28.1,19.4
07:17:37,28.1,19.5
07:17:47,28.0,19.5
07:17:57,28.1,19.3
07:18:07,28.1,19.2
07:18:17,28.1,19.0
07:18:27,28.1,19.1
07:18:37,28.1,19.2
07:18:47,28.1,19.1
07:18:57,28.1,19.0
07:19:07,28.1,19.0
07:19:17,28.1,18.9
07:19:27,28.1,19.0
07:19:37,28.1,19.1
07:19:47,28.1,19.1
07:19:57,28.1,19.2
07:20:07,28.1,19.1
07:20:17,28.1,19.1
07:20:27,28.1,19.2
07:20:37,28.1,19.3
07:20:47,28.1,19.2
07:20:56,28.1,19.0
07:21:07,28.1,19.0
07:21:17,28.1,19.1
07:21:27,28.1,19.2
07:21:37,28.1,19.1
07:21:47,28.1,19.1
07:21:57,28.1,18.9
07:22:07,28.1,18.8
07:22:17,28.1,18.9
07:22:27,28.1,19.1
07:22:37,28.1,19.1
07:22:46,28.1,19.1
07:22:57,28.1,19.1
07:23:07,28.1,19.1
07:23:17,28.1,19.0
07:23:27,28.1,19.1
07:23:37,28.1,19.2
07:23:47,28.1,19.1
07:23:57,28.1,19.0
07:24:07,28.1,18.9
07:24:17,28.1,19.1
07:24:26,28.1,19.2
07:24:37,28.1,19.4
07:24:47,28.1,19.4
07:24:57,28.1,19.4
07:25:07,28.1,19.6
07:25:17,28.1,19.6
07:25:27,28.1,19.5
07:25:36,28.1,19.4
07:25:47,28.1,19.5
07:25:57,28.1,19.6
07:26:07,28.1,19.5
07:26:17,28.1,19.4
07:26:27,28.1,19.1
07:26:37,28.1,18.9
07:26:47,28.1,18.8
07:26:57,28.1,18.7
07:27:07,28.1,18.8
07:27:17,28.1,18.9
07:27:27,28.1,19.0
07:27:37,28.1,19.1
07:27:47,28.1,19.0
07:27:57,28.1,19.0
07:28:07,28.1,19.1
07:28:17,28.1,19.1
07:28:27,28.1,19.3
07:28:37,28.1,19.2
07:28:47,28.1,19.1
07:28:57,28.1,19.1
07:29:07,28.1,19.0
07:29:17,28.1,19.1
07:29:27,28.1,19.1
07:29:37,28.1,19.0
07:29:47,28.1,19.0
07:29:57,28.1,19.0
07:30:07,28.1,19.5
07:30:17,28.1,20.1
07:30:27,28.1,20.3
07:30:37,28.1,20.3
07:30:47,28.1,20.2
07:30:57,28.1,20.1
07:31:07,28.1,19.9
07:31:17,28.1,19.5
07:31:27,28.1,19.8
07:31:37,28.1,20.0
07:31:47,28.1,19.9
07:31:57,28.1,19.8
07:32:07,28.1,19.8
07:32:17,28.1,19.7
07:32:27,28.1,19.5
07:32:37,28.1,19.3
07:32:47,28.1,19.2
07:32:56,28.1,19.2
07:33:07,28.1,19.1
07:33:17,28.1,19.1
07:33:27,28.1,19.1
07:33:37,28.1,19.1
07:33:47,28.1,19.1
07:33:57,28.1,18.9
07:34:07,28.1,19.0
07:34:17,28.1,19.0
07:34:27,28.1,18.9
07:34:37,28.1,19.0
07:34:47,28.1,19.1
07:34:57,28.1,19.1
07:35:07,28.1,19.0
07:35:17,28.1,18.8
07:35:27,28.1,18.8
07:35:37,28.1,18.8
07:35:47,28.1,18.9
07:35:57,28.1,18.9
07:36:07,28.1,19.0
07:36:17,28.1,19.2
07:36:27,28.1,19.1
07:36:37,28.1,19.2
07:36:47,28.1,19.2
07:36:57,28.1,19.1
07:37:07,28.1,19.1
07:37:17,28.1,19.1
07:37:26,28.1,19.1
07:37:37,28.1,19.1
07:37:47,28.1,19.2
07:37:57,28.1,19.2
07:38:07,28.1,19.3
07:38:17,28.1,19.3
07:38:27,28.1,19.3
07:38:37,28.1,19.3
07:38:47,28.2,19.3
07:38:57,28.1,19.4
07:39:07,28.1,19.4
07:39:17,28.2,19.5
07:39:27,28.1,19.4
07:39:37,28.2,19.4
07:39:47,28.2,19.5
07:39:57,28.1,19.6
07:40:07,28.1,19.6
07:40:17,28.2,19.6
07:40:27,28.2,19.5
07:40:37,28.1,19.5
07:40:47,28.2,19.5
07:40:57,28.2,19.5
07:41:07,28.2,19.5
07:41:17,28.2,19.5
07:41:27,28.1,19.5
07:41:37,28.2,19.5
07:41:47,28.1,19.4
07:41:57,28.1,19.4
07:42:07,28.2,19.5
07:42:17,28.2,19.6
07:42:27,28.2,19.6
07:42:37,28.2,19.6
07:42:47,28.2,19.6
07:42:57,28.2,19.5
07:43:07,28.2,19.4
07:43:17,28.2,19.5
07:43:27,28.2,19.5
07:43:37,28.2,19.5
07:43:47,28.2,19.5
07:43:57,28.2,19.5
07:44:06,28.2,19.5
07:44:17,28.2,19.5
07:44:27,28.2,19.6
07:44:37,28.2,19.6
07:44:47,28.2,19.6
07:44:57,28.2,19.6
07:45:07,28.2,19.6
07:45:16,28.2,19.6
07:45:27,28.2,19.7
07:45:37,28.2,19.7
07:45:47,28.2,19.7
07:45:57,28.2,19.7
07:46:07,28.2,19.7
07:46:17,28.2,19.7
07:46:27,28.2,19.7
07:46:37,28.2,19.7
07:46:47,28.2,19.6
07:46:57,28.2,19.6
07:47:07,28.2,19.6
07:47:17,28.2,19.7
07:47:27,28.2,19.7
07:47:37,28.2,19.7
07:47:47,28.2,19.7
07:47:57,28.2,19.8
07:48:07,28.2,19.8
07:48:17,28.2,19.7
07:48:27,28.2,19.7
07:48:37,28.2,19.7
07:48:47,28.2,19.7
07:48:57,28.2,19.7
07:49:07,28.2,19.6
07:52:21,28.2,20.0
07:52:31,28.2,20.1
07:52:41,28.2,20.0
07:52:51,28.2,20.3
07:53:01,28.2,20.6
07:53:11,28.2,20.7
07:53:21,28.2,20.6
07:53:31,28.2,20.6
07:53:41,28.2,20.6
07:53:51,28.2,20.6
07:54:01,28.2,20.6
07:54:11,28.2,20.8
07:54:21,28.2,20.9
07:54:31,28.2,20.9
07:54:41,28.2,20.9
07:54:51,28.2,20.8
07:55:01,28.2,20.7
07:55:11,28.2,20.8
07:55:21,28.2,21.0
07:55:31,28.2,21.2
07:55:41,28.2,21.4
07:55:51,28.2,21.3
07:56:01,28.2,21.3
07:56:11,28.2,21.2
07:56:21,28.2,21.4
07:56:31,28.2,21.5
07:56:41,28.3,21.4
07:56:51,28.2,21.5
07:57:01,28.2,21.5
07:57:11,28.2,21.6
07:57:21,28.2,21.7
07:57:31,28.2,21.6
07:57:41,28.3,21.6
07:57:51,28.3,21.6
07:58:01,28.3,21.3
07:58:11,28.3,21.0
07:58:21,28.2,20.8
07:58:31,28.2,20.9
07:58:41,28.3,21.2
07:58:51,28.3,21.4
07:59:01,28.3,21.3
07:59:11,28.3,21.3
07:59:21,28.3,21.1
07:59:31,28.2,21.1
07:59:41,28.3,21.0
07:59:51,28.3,21.0
08:00:01,28.3,21.0
08:00:11,28.3,21.1
08:00:21,28.3,21.1
08:00:31,28.3,21.1
08:00:41,28.3,21.2
08:00:51,28.3,21.3
08:01:01,28.3,21.3
08:01:11,28.3,21.3
08:01:21,28.3,21.3
08:01:31,28.3,21.3
08:01:41,28.3,21.3
08:01:51,28.3,21.3
08:02:01,28.3,21.3
08:02:11,28.3,21.3
08:02:21,28.3,21.3
08:02:31,28.3,21.3
08:02:41,28.3,21.3
08:02:51,28.3,21.4
08:03:01,28.3,21.5
08:03:11,28.3,21.6
08:03:21,28.3,21.8
08:03:31,28.3,22.1
08:03:41,28.3,22.3
08:03:51,28.3,22.4
08:04:01,28.3,22.1
08:04:11,28.3,21.8
08:04:21,28.3,21.7
08:04:31,28.3,21.6
08:04:41,28.3,21.6
08:04:51,28.3,21.6
08:05:01,28.3,21.6
08:05:11,28.3,21.6
08:05:21,28.3,21.6
08:05:31,28.3,21.7
08:05:41,28.3,21.7
08:05:51,28.3,21.6
08:06:01,28.3,21.6
08:06:11,28.3,21.4
08:06:21,28.3,21.5
08:06:31,28.3,21.5
08:06:41,28.3,21.5
08:06:51,28.3,21.6
08:07:01,28.3,21.6
08:07:11,28.3,21.6
08:07:21,28.3,21.7
08:07:31,28.3,21.7
08:07:41,28.3,21.8
08:07:51,28.3,21.8
08:08:01,28.3,21.8
08:08:11,28.3,21.7
08:08:21,28.3,21.7
08:08:31,28.3,21.7
08:08:41,28.3,21.7
08:08:51,28.3,21.7
08:09:01,28.3,21.8
08:09:11,28.3,21.9
08:09:21,28.3,21.9
08:09:31,28.3,22.0
08:09:41,28.3,22.1
08:09:51,28.3,22.0
08:10:01,28.3,22.0
08:10:11,28.3,22.0
08:10:21,28.3,22.0
08:10:31,28.3,22.0
08:10:41,28.3,21.9
08:10:51,28.3,22.0
08:11:01,28.3,22.0
08:11:11,28.3,22.0
08:11:21,28.3,21.9
08:11:31,28.3,21.9
08:11:41,28.3,21.9
08:11:51,28.3,21.9
08:12:01,28.3,22.0
08:12:11,28.3,22.0
08:12:21,28.3,22.0
08:12:31,28.3,22.0
08:12:41,28.3,22.0
08:12:51,28.3,22.1
08:13:01,28.3,22.2
08:13:11,28.3,22.4
08:13:21,28.4,22.5
08:13:31,28.3,22.4
08:13:41,28.3,22.3
08:13:51,28.3,22.2
08:14:01,28.3,22.1
08:14:11,28.4,22.1
08:14:21,28.3,22.0
08:14:31,28.3,22.1
08:14:41,28.3,22.1
08:14:51,28.4,22.2
08:15:01,28.3,22.2
08:15:11,28.4,22.2
08:15:21,28.3,22.1
08:15:31,28.4,22.1
08:15:41,28.4,22.1
08:15:51,28.4,22.0
08:16:01,28.4,22.0
08:16:11,28.3,22.1
08:16:21,28.4,22.1
08:16:31,28.4,22.1
08:16:41,28.4,22.1
08:16:51,28.4,22.1
08:17:01,28.4,22.1
08:17:11,28.4,22.2
08:17:21,28.4,22.2
08:17:31,28.4,22.1
08:17:41,28.3,22.1
08:17:51,28.4,22.1
08:18:01,28.4,22.1
08:18:11,28.4,22.0
08:18:21,28.4,22.0
08:18:31,28.4,22.0
08:18:41,28.4,21.9
08:18:51,28.4,21.9
08:19:01,28.4,22.0
08:19:11,28.4,22.0
08:19:21,28.4,22.1
08:19:31,28.4,22.1
08:19:41,28.4,22.1
08:19:51,28.3,22.1
08:20:01,28.4,22.0
08:20:11,28.3,22.1
08:20:21,28.4,22.0
08:20:31,28.4,22.0
08:20:41,28.4,21.9
08:20:51,28.4,21.9
08:21:01,28.4,21.9
08:21:11,28.4,22.0
08:21:21,28.4,22.0
08:21:31,28.4,22.0
08:21:41,28.4,22.0
08:21:51,28.4,22.0
08:22:01,28.4,22.1
08:22:11,28.4,22.1
08:22:21,28.4,22.1
08:22:31,28.4,22.0
08:22:41,28.4,21.7
08:22:51,28.4,21.6
08:23:01,28.4,21.5
08:23:11,28.4,21.5
08:23:21,28.4,21.4
08:23:31,28.4,21.5
08:23:41,28.4,21.5
08:23:51,28.4,21.7
08:24:01,28.4,21.8
08:24:11,28.4,22.1
08:24:21,28.4,22.3
08:24:31,28.4,22.6
08:24:41,28.4,22.8
08:24:51,28.4,22.8
08:25:01,28.4,22.4
08:25:11,28.4,22.2
08:25:21,28.4,22.0
08:25:31,28.4,22.0
08:25:41,28.4,22.2
08:25:51,28.4,22.4
08:26:01,28.4,22.7
08:26:11,28.4,22.9
08:26:21,28.4,22.9
08:26:31,28.4,23.0
08:26:41,28.4,23.0
08:26:51,28.4,22.9
08:27:01,28.4,22.9
08:27:11,28.4,23.2
08:27:21,28.4,23.2
08:27:31,28.4,23.1
08:27:41,28.4,23.0
08:27:51,28.4,22.9
08:28:01,28.4,22.9
08:28:11,28.4,23.0
08:28:21,28.4,23.3
08:28:31,28.4,23.6
08:28:41,28.4,23.4
08:28:51,28.4,23.1
08:29:01,28.4,23.1
08:29:11,28.4,23.1
08:29:21,28.4,23.4
08:29:31,28.4,23.5
08:29:41,28.4,23.5
08:29:51,28.4,23.6
08:30:01,28.4,23.6
08:30:11,28.4,23.5
08:30:21,28.5,23.5
08:30:31,28.4,23.5
08:30:41,28.5,23.5
08:30:51,28.5,23.5
08:31:01,28.5,23.4
08:31:11,28.5,23.4
08:31:21,28.5,23.4
08:31:31,28.5,23.5
08:31:41,28.5,23.5
08:31:51,28.5,23.6
08:32:01,28.5,23.6
08:32:11,28.5,23.5
08:32:21,28.5,23.5
08:32:31,28.5,23.6
08:32:41,28.5,23.7
08:32:51,28.5,23.8
08:33:01,28.5,23.8
08:33:11,28.5,23.8
08:33:21,28.5,23.8
08:33:31,28.5,23.9
08:33:41,28.6,24.0
08:33:51,28.6,24.0
08:34:01,28.6,24.1
08:34:11,28.6,24.0
08:34:21,28.6,24.1
08:34:31,28.5,24.0
08:34:41,28.6,24.0
08:34:51,28.6,23.9
08:35:01,28.6,23.7
08:35:11,28.6,23.5
08:35:21,28.6,23.5
08:35:31,28.6,23.2
08:35:41,28.6,23.1
08:35:51,28.6,22.8
08:36:01,28.6,22.8
08:36:11,28.6,22.8
08:36:21,28.6,22.8
08:36:31,28.6,22.7
08:36:41,28.6,22.6
08:36:51,28.6,22.2
08:37:01,28.6,22.3
08:37:11,28.6,22.1
08:37:21,28.6,22.2
08:37:31,28.6,22.2
08:37:41,28.6,22.2
08:37:51,28.6,22.3
08:38:01,28.6,22.1
08:38:11,28.6,21.3
08:38:21,28.6,21.2
08:38:31,28.6,21.3
08:38:41,28.6,21.0
08:38:51,28.6,20.6
08:39:01,28.6,20.4
08:39:11,28.6,20.1
08:39:21,28.6,19.9
08:39:31,28.6,19.9
08:39:41,28.6,20.0
08:39:51,28.6,19.8
08:40:01,28.6,19.6
08:40:11,28.6,19.7
08:40:21,28.6,19.7
08:40:31,28.6,19.6
08:40:41,28.6,19.7
08:40:51,28.6,20.0
08:41:01,28.6,20.1
08:41:11,28.6,20.2
08:41:21,28.6,20.6
08:41:31,28.6,21.2
08:41:41,28.6,21.7
08:41:51,28.7,22.0
08:42:01,28.6,22.0
08:42:11,28.7,22.2
08:42:21,28.6,22.5
08:42:31,28.7,22.6
08:42:41,28.7,22.7
08:42:51,28.7,22.7
08:43:01,28.6,22.2
08:43:11,28.7,21.4
08:43:21,28.6,20.7
08:43:31,28.7,20.7
08:43:41,28.7,20.6
08:43:51,28.7,20.0
08:44:01,28.7,19.9
08:44:11,28.7,20.1
08:44:21,28.7,20.5
08:44:31,28.7,20.9
08:44:41,28.7,21.0
08:44:51,28.7,21.3
08:45:01,28.7,21.5
08:45:11,28.7,21.7
08:45:21,28.7,21.7
08:45:31,28.7,21.7
08:45:41,28.7,21.9
08:45:51,28.7,22.2
08:46:01,28.7,22.1
08:46:11,28.7,22.3
08:46:21,28.7,22.6
08:46:31,28.7,23.3
08:46:41,28.7,24.0
08:46:51,28.7,24.1
08:47:01,28.7,24.2
08:47:11,28.7,24.2
08:47:21,28.7,24.2
08:47:31,28.7,24.3
08:47:41,28.7,24.3
08:47:51,28.7,23.8
08:48:01,28.7,23.0
08:48:11,28.7,22.9
08:48:21,28.7,23.7
08:48:31,28.7,24.3
08:48:41,28.7,24.0
08:48:51,28.7,24.2
08:49:01,28.7,24.7
08:49:11,28.7,24.9
08:49:21,28.7,24.9
08:49:31,28.7,24.9
08:49:41,28.7,24.7
08:49:51,28.7,24.6
08:50:01,28.7,24.7
08:50:11,28.7,24.7
08:50:21,28.7,24.6
08:50:31,28.7,24.6
08:50:41,28.7,24.5
08:50:51,28.7,24.4
08:51:01,28.7,24.4
08:52:11,28.7,24.1
08:52:21,28.7,24.2
08:52:31,28.7,24.2
08:52:41,28.7,24.1
08:52:51,28.7,24.1
08:53:01,28.7,24.2
08:53:11,28.7,23.7
08:53:21,28.7,22.9
08:53:31,28.7,22.5
08:53:41,28.7,22.2
08:53:51,28.7,21.7
08:54:01,28.7,21.8
08:54:11,28.7,22.3
08:54:22,28.7,22.2
08:54:31,28.7,22.2
08:54:41,28.7,22.0
08:54:51,28.7,21.9
08:55:01,28.7,21.6
08:55:11,28.7,21.8
08:55:21,28.7,21.8
08:55:31,28.7,21.8
08:55:41,28.7,21.0
08:55:51,28.7,20.1
08:56:01,28.7,20.0
08:56:11,28.7,19.8
08:56:21,28.7,19.9
08:56:31,28.7,19.4
08:56:41,28.7,18.8
08:56:51,28.8,18.2
08:57:01,28.7,18.3
08:57:11,28.8,19.1
08:57:22,28.8,19.2
08:57:31,28.8,19.3
08:57:41,28.8,19.5
08:57:51,28.8,19.3
08:58:01,28.8,20.2
08:58:11,28.8,20.3
08:58:21,28.8,20.0
08:58:31,28.8,19.5
08:58:41,28.8,19.2
08:58:51,28.8,18.7
08:59:01,28.8,18.2
08:59:11,28.8,18.4
08:59:21,28.8,18.4
08:59:31,28.8,18.7
08:59:41,28.8,19.6
08:59:51,28.8,20.1
09:00:01,28.8,20.4
09:00:11,28.8,20.7
09:00:21,28.8,20.7
09:00:31,28.8,20.4
09:00:41,28.8,19.4
09:00:51,28.8,19.2
09:01:01,28.8,18.9
09:01:11,28.8,18.8
09:01:21,28.8,18.7
09:01:31,28.8,18.2
09:01:41,28.8,18.0
09:01:51,28.8,18.0
09:02:01,28.8,18.3
09:02:11,28.8,17.9
09:02:21,28.8,17.4
09:02:31,28.8,17.4
09:02:41,28.8,17.8
09:02:51,28.8,17.5
09:03:01,28.8,17.2
09:03:11,28.8,16.8
09:03:21,28.8,16.7
09:03:31,28.9,17.1
09:03:41,28.9,17.1
09:03:51,28.8,17.2
09:04:01,28.9,17.5
09:04:11,28.9,17.2
09:04:21,28.9,17.3
09:04:31,28.9,17.8
09:04:41,28.9,18.0
09:04:51,28.9,17.9
09:05:01,28.9,17.8
09:05:11,28.9,17.9
09:05:21,28.9,18.0
09:05:31,28.9,17.8
09:05:41,28.9,18.0
09:05:51,28.9,17.8
09:06:01,28.9,17.9
09:06:11,28.9,18.1
09:06:21,28.9,17.7
09:06:31,28.9,17.4
09:06:41,28.9,17.5
09:06:51,28.9,17.7
09:07:01,28.9,18.3
09:07:11,28.9,18.9
09:07:21,28.9,19.4
09:07:31,28.9,19.7
09:07:41,28.9,19.8
09:07:51,28.9,20.0
09:08:01,28.9,19.7
09:08:11,28.9,19.4
09:08:21,28.9,19.2
09:08:31,28.9,19.1
09:08:41,28.9,19.4
09:08:51,28.9,19.6
09:09:01,28.9,19.8
09:09:11,28.9,20.2
09:09:21,28.9,20.5
09:09:31,28.9,20.6
09:09:41,28.9,20.8
09:09:51,28.9,20.9
09:10:01,28.9,21.0
09:10:11,28.9,21.2
09:10:21,28.8,21.3
09:10:31,28.9,21.4
09:10:41,28.9,21.4
09:10:51,28.8,21.5
09:11:01,28.8,21.5
09:11:11,28.8,21.5
09:11:21,28.8,21.5
09:11:31,28.8,21.5
09:11:41,28.8,21.5
09:11:51,28.8,21.5
09:12:01,28.8,21.5
09:12:11,28.8,21.5
09:12:21,28.9,21.6
09:12:31,28.8,21.6
09:12:41,28.8,21.6
09:12:51,28.8,21.7
09:13:01,28.8,21.7
09:13:11,28.9,21.7
09:13:21,28.8,21.7
09:13:31,28.8,21.7
09:13:41,28.8,21.7
09:13:51,28.8,21.7
09:14:01,28.8,21.7
09:14:11,28.8,21.7
09:14:21,28.8,21.7
09:14:31,28.8,21.8
09:14:41,28.8,21.7
09:14:51,28.8,21.7
09:15:01,28.8,21.7
09:15:11,28.8,21.7
09:15:21,28.8,21.7
09:15:31,28.9,21.7
09:15:41,28.8,21.5
09:15:52,28.8,21.4
09:16:01,28.8,21.4
09:16:12,28.8,21.3
09:16:21,28.8,21.2
09:16:31,28.9,21.2
09:16:41,28.8,21.1
09:16:52,28.8,21.2
09:17:01,28.8,21.3
09:17:11,28.8,21.3
09:17:21,28.9,21.4
09:17:31,28.8,21.6
09:17:42,28.9,21.8
09:17:51,28.8,21.9
09:18:01,28.9,22.0
09:18:11,28.8,22.2
09:18:21,28.9,22.3
09:18:31,28.8,22.4
09:18:41,28.9,22.6
09:18:51,28.8,22.7
09:19:02,28.9,22.6
09:19:12,28.9,22.6
09:19:21,28.9,22.7
09:19:31,28.9,22.6
09:19:41,28.9,22.7
09:19:51,28.9,22.6
09:20:01,28.9,22.6
09:20:11,28.9,22.5
09:20:21,28.9,22.5
09:20:31,28.9,22.5
09:20:41,28.9,22.4
09:20:51,28.9,22.4
09:21:01,28.9,22.3
09:21:11,28.9,22.2
09:21:21,28.9,22.2
09:21:31,28.9,22.2
09:21:41,28.9,22.2
09:21:51,28.9,22.4
09:22:01,28.9,22.2
09:22:11,28.9,21.9
09:22:21,28.9,21.9
09:22:31,28.9,21.9
09:22:41,28.9,22.3
09:22:51,28.9,22.0
09:23:01,28.9,21.1
09:23:11,28.9,21.4
09:23:21,28.9,21.7
09:23:31,28.9,21.6
09:23:41,28.9,21.6
09:23:51,28.9,21.6
09:24:01,28.9,21.2
09:24:11,28.9,21.2
09:24:21,28.9,21.2
09:24:31,28.9,20.2
09:24:41,28.9,19.7
09:24:51,28.9,19.4
09:25:01,28.9,19.0
09:25:11,28.9,18.5
09:25:21,28.9,18.3
09:25:31,28.9,18.1
09:25:41,28.9,18.2
09:25:51,28.9,18.1
09:26:02,28.9,18.1
09:26:11,28.9,18.0
09:26:23,28.9,17.6
09:26:33,28.9,17.6
09:26:42,28.9,17.4
09:26:53,29.0,17.3
09:27:02,29.0,17.0
09:27:12,29.0,17.0
09:27:22,29.0,17.0
09:27:34,29.0,16.4
09:27:42,29.0,16.3
09:27:52,29.0,16.5
09:28:01,29.0,16.0
09:28:11,29.0,15.9
09:28:21,29.0,16.1
09:28:31,29.0,15.9
09:28:41,29.0,15.6
09:28:51,29.0,15.5
09:29:01,29.0,15.2
09:29:11,29.0,15.3
09:29:21,29.0,15.3
09:29:31,29.0,15.2
09:29:41,29.0,15.3
09:29:51,29.0,15.3
09:30:01,29.0,15.2
09:30:11,29.1,15.0
09:30:21,29.0,14.8
09:30:31,29.0,14.4
09:30:41,29.0,14.4
09:30:51,29.1,14.3
09:31:01,29.1,14.2
09:31:11,29.1,14.1
09:31:21,29.1,14.2
09:31:31,29.1,14.1
09:31:41,29.1,14.2
09:31:51,29.1,14.3
09:32:01,29.1,14.3
09:32:11,29.1,14.1
09:32:21,29.1,14.0
09:32:31,29.1,14.0
09:32:41,29.1,14.1
09:32:51,29.1,14.0
09:33:01,29.1,14.1
09:33:11,29.1,14.0
09:33:21,29.1,14.2
09:33:31,29.1,14.5
09:33:41,29.1,14.7
09:33:51,29.1,14.6
09:34:01,29.1,14.8
09:34:11,29.1,15.0
09:34:21,29.1,15.1
09:34:31,29.1,15.1
09:34:41,29.1,15.0
09:34:51,29.1,14.9
09:35:01,29.1,15.1
09:35:11,29.1,15.0
09:35:21,29.1,15.0
09:35:31,29.1,14.7
09:35:41,29.1,14.8
09:35:51,29.1,14.7
09:36:01,29.1,14.6
09:36:11,29.1,14.6
09:36:21,29.1,14.3
09:36:31,29.1,14.3
09:36:41,29.1,14.1
09:36:51,29.1,14.0
09:37:01,29.1,13.8
09:37:11,29.1,13.9
09:37:21,29.1,14.1
09:37:31,29.1,13.9
09:37:41,29.1,14.0
09:37:51,29.1,13.9
09:38:01,29.1,13.6
09:38:11,29.1,13.9
09:38:21,29.1,13.9
09:38:31,29.1,13.7
09:38:41,29.1,13.6
09:38:51,29.1,13.6
09:39:01,29.1,13.5
09:39:11,29.1,13.9
09:39:21,29.1,14.0
09:39:31,29.1,14.1
09:39:41,29.1,14.4
09:39:51,29.1,14.6
09:40:01,29.1,14.7
09:40:11,29.1,14.6
09:40:21,29.1,14.6
09:40:31,29.1,14.7
09:40:41,29.1,14.8
09:40:51,29.0,14.9
09:41:01,29.1,15.1
09:41:11,29.1,15.2
09:41:21,29.1,15.7
09:41:31,29.1,16.1
09:41:41,29.1,16.1
09:41:51,29.1,16.0
09:42:01,29.1,15.9
09:42:11,29.0,16.0
09:42:21,29.0,16.8
09:42:31,29.0,17.3
09:42:41,29.0,17.5
09:42:51,29.1,17.7
09:43:01,29.0,17.8
09:43:11,29.0,18.1
09:43:21,29.0,18.3
09:43:31,29.0,18.4
09:43:41,29.0,18.4
09:43:51,29.0,18.5
09:44:01,29.0,18.6
09:44:11,29.0,18.6
09:44:21,29.0,18.7
09:44:31,29.0,18.6
09:44:41,29.0,18.5
09:44:51,29.0,18.7
09:45:01,29.0,18.8
09:45:11,29.0,18.8
09:45:21,29.0,18.5
09:45:31,29.0,18.7
09:45:41,29.0,18.9
09:45:51,29.0,19.0
09:46:01,29.0,18.9
09:46:11,29.0,18.6
09:46:21,29.0,18.5
09:46:31,29.0,18.5
09:46:41,29.0,18.4
09:46:51,29.0,18.5
09:47:01,29.0,18.5
09:47:11,29.0,18.5
09:47:21,29.0,18.3
09:47:31,29.0,18.3
09:47:41,29.0,18.2
09:47:51,29.0,18.3
09:48:01,29.0,18.3
09:48:11,29.0,18.2
09:48:21,29.0,17.8
09:48:31,29.0,17.7
09:48:41,29.0,18.0
09:48:51,29.0,18.0
09:49:01,29.0,18.0
09:49:11,29.0,17.7
09:49:21,29.0,17.5
09:49:31,29.0,17.5
09:49:41,29.0,17.6
09:49:51,29.0,17.6
09:50:01,29.0,17.6
09:50:11,29.0,17.3
09:50:21,29.0,17.2
09:50:31,29.0,17.2
09:50:41,29.0,16.8
09:50:51,29.0,16.4
09:51:01,29.0,16.1
09:51:11,29.0,15.8
09:51:21,29.0,15.8
09:51:31,29.0,15.8
09:51:41,29.0,16.0
09:51:51,29.0,16.3
09:52:01,29.0,16.5
09:52:11,29.0,16.4
09:52:21,29.0,16.3
09:52:31,29.0,16.4
09:52:41,29.0,16.4
09:52:51,29.0,16.5
09:53:01,29.0,16.4
09:53:11,29.0,16.7
09:53:21,29.0,16.7
09:53:31,29.0,16.9
09:53:41,29.0,16.9
09:53:51,29.0,16.9
09:54:01,29.1,16.9
09:54:11,29.0,16.9
09:54:21,29.1,17.1
09:54:31,29.0,17.2
09:54:41,29.1,17.1
09:54:51,29.1,17.2
09:55:01,29.0,17.1
09:55:11,29.1,17.1
09:55:21,29.1,17.2
09:55:31,29.0,17.1
09:55:41,29.0,17.2
09:55:51,29.1,17.4
09:56:01,29.0,17.3
09:56:11,29.0,17.2
09:56:21,29.0,17.2
09:56:31,29.0,17.0
09:56:41,29.0,17.0
09:56:51,29.0,16.9
09:57:01,29.0,16.9
09:57:11,29.0,16.8
09:57:21,29.1,16.9
09:57:31,29.0,17.1
09:57:41,29.0,17.1
09:57:51,29.0,17.2
09:58:01,29.0,17.3
09:58:11,29.1,17.3
09:58:21,29.0,17.3
09:58:31,29.1,17.3
09:58:41,29.1,17.2
09:58:51,29.1,17.3
09:59:01,29.1,17.4
09:59:11,29.1,17.5
09:59:21,29.1,17.5
09:59:31,29.1,17.4
09:59:41,29.0,17.4
09:59:51,29.1,17.5
10:00:01,29.1,17.6
10:00:11,29.1,17.7
10:00:21,29.1,17.4
10:00:31,29.1,17.0
10:00:41,29.1,17.2
10:00:51,29.1,17.1
10:01:01,29.1,17.2
10:01:11,29.1,17.4
10:01:21,29.1,17.2
10:01:31,29.1,17.0
10:01:41,29.1,17.0
10:01:51,29.0,17.0
10:02:01,29.1,17.0
10:02:11,29.0,17.1
10:02:21,29.1,16.9
10:02:31,29.1,16.5
10:02:41,29.1,16.4
10:02:51,29.1,16.5
10:03:01,29.1,16.6
10:03:11,29.1,16.9
10:03:21,29.1,17.2
10:03:31,29.1,16.7
10:03:41,29.1,16.5
10:03:51,29.0,16.4
10:04:01,29.1,16.1
10:04:11,29.1,16.0
10:04:21,29.1,16.2
10:04:31,29.1,16.2
10:04:41,29.1,16.2
10:04:51,29.1,16.3
10:05:01,29.1,16.5
10:05:11,29.1,16.5
10:05:21,29.1,16.6
10:05:31,29.1,16.8
10:05:41,29.1,16.8
10:05:51,29.1,16.8
10:06:01,29.1,16.6
10:06:11,29.1,16.7
10:06:21,29.1,16.7
10:06:31,29.1,16.9
10:06:41,29.1,16.6
10:06:51,29.1,16.5
10:07:01,29.1,16.4
10:07:11,29.1,16.3
10:07:21,29.1,16.3
10:07:31,29.1,16.2
10:07:41,29.1,16.3
10:07:51,29.1,16.6
10:08:01,29.1,16.5
10:08:11,29.1,16.6
10:08:21,29.1,16.7
10:08:31,29.1,16.7
10:08:41,29.1,16.9
10:08:51,29.1,17.0
10:09:01,29.1,17.0
10:09:11,29.1,16.8
10:09:21,29.1,16.8
10:09:31,29.1,16.7
10:09:41,29.1,16.7
10:09:51,29.1,16.9
10:10:01,29.1,16.8
10:10:11,29.1,16.8
10:10:21,29.1,16.8
10:10:31,29.1,16.9
10:10:41,29.1,17.0
10:10:51,29.1,17.2
10:11:01,29.1,17.2
10:11:11,29.1,17.3
10:11:21,29.1,17.1
10:11:31,29.1,17.0
10:11:41,29.1,17.0
10:11:51,29.1,17.0
10:12:01,29.1,17.0
10:12:11,29.1,17.0
10:12:21,29.1,16.8
10:12:31,29.1,16.6
10:12:41,29.1,16.6
10:12:51,29.1,16.3
10:13:01,29.1,16.5
10:13:11,29.1,16.5
10:13:21,29.1,16.7
10:13:31,29.1,16.5
10:13:41,29.1,16.5
10:13:51,29.1,16.6
10:14:01,29.1,16.5
10:14:11,29.1,16.5
10:14:21,29.1,16.3
10:14:31,29.1,16.3
10:14:41,29.1,16.4
10:14:51,29.1,16.4
10:15:01,29.1,16.5
10:15:11,29.1,16.5
10:15:21,29.1,16.4
10:15:31,29.1,16.5
10:15:41,29.1,16.5
10:15:51,29.1,16.8
10:16:01,29.1,16.9
10:16:11,29.1,16.7
10:16:21,29.1,16.6
10:16:31,29.1,16.5
10:16:41,29.1,16.4
10:16:51,29.2,16.3
10:17:01,29.1,16.2
10:17:11,29.1,16.2
10:17:21,29.2,16.2
10:17:31,29.2,16.3
10:17:41,29.1,16.3
10:17:51,29.1,16.4
10:18:01,29.1,16.6
10:18:11,29.1,16.7
10:18:21,29.2,16.7
10:18:31,29.1,16.6
10:18:41,29.2,16.7
10:18:51,29.1,16.6
10:19:01,29.2,16.5
10:19:11,29.2,16.6
10:19:21,29.1,16.6
10:19:31,29.1,16.4
10:19:41,29.2,16.5
10:19:51,29.2,16.6
10:20:01,29.2,16.5
10:20:11,29.2,16.5
10:20:21,29.2,16.7
10:20:31,29.2,16.7
10:20:41,29.2,16.7
10:20:51,29.2,16.9
10:21:01,29.2,16.9
10:21:11,29.2,16.9
10:21:21,29.2,16.8
10:21:31,29.2,16.7
10:21:41,29.2,16.7
10:21:51,29.2,16.8
10:22:01,29.2,16.7
10:22:11,29.2,16.7
10:22:21,29.2,16.7
10:22:31,29.2,16.8
10:22:41,29.2,16.9
10:22:51,29.2,16.9
10:23:01,29.2,16.7
10:23:11,29.2,16.5
10:23:21,29.2,16.7
10:23:31,29.2,16.6
10:23:41,29.2,16.6
10:23:51,29.2,16.5
10:24:01,29.2,16.4
10:24:11,29.2,16.3
10:24:21,29.2,16.2
10:24:31,29.2,16.2
10:24:41,29.2,16.2
10:24:51,29.2,16.2
10:25:01,29.2,16.2
10:25:11,29.2,16.0
10:25:21,29.2,16.1
10:25:31,29.3,16.1
10:25:41,29.3,16.1
10:25:51,29.2,16.2
10:26:01,29.2,16.1
10:26:11,29.2,16.1
10:26:21,29.2,16.2
10:26:31,29.2,16.3
10:26:41,29.2,16.2
10:26:51,29.2,16.3
10:27:01,29.3,16.4
10:27:11,29.2,16.4
10:27:21,29.2,16.4
10:27:31,29.2,16.5
10:27:41,29.2,16.5
10:27:51,29.2,16.4
10:28:01,29.2,16.3
10:28:11,29.2,16.1
10:28:21,29.2,15.6
10:28:31,29.2,15.5
10:28:41,29.2,15.5
10:28:51,29.2,15.6
10:29:01,29.2,15.6
10:29:11,29.2,15.5
10:29:21,29.2,15.6
10:29:31,29.3,15.7
10:29:41,29.3,15.5
10:29:51,29.2,15.5
10:30:01,29.2,15.6
10:30:11,29.3,15.6
10:30:21,29.3,15.6
10:30:31,29.3,15.7
10:30:41,29.3,15.9
10:30:51,29.3,15.9
10:31:01,29.3,16.2
10:31:11,29.3,16.3
10:31:21,29.3,16.3
10:31:31,29.3,16.3
10:31:41,29.3,16.2
10:31:51,29.3,16.2
10:32:01,29.3,16.3
10:32:11,29.3,16.3
10:32:21,29.3,16.2
10:32:31,29.3,16.1
10:32:41,29.3,16.1
10:32:51,29.3,15.9
10:33:01,29.3,15.8
10:33:11,29.3,15.7
10:33:21,29.3,15.6
10:33:31,29.3,15.6
10:33:41,29.3,15.6
10:33:51,29.3,15.6
10:34:01,29.3,15.7
10:34:11,29.3,15.7
10:34:21,29.3,15.7
10:34:31,29.3,15.6
10:34:41,29.3,15.6
10:34:51,29.3,15.7
10:35:01,29.3,15.7
10:35:11,29.3,16.0
10:35:21,29.3,15.8
10:35:31,29.3,15.8
10:35:41,29.3,15.7
10:35:51,29.3,15.6
10:36:01,29.3,15.6
10:36:11,29.3,15.6
10:36:21,29.3,15.7
10:36:31,29.3,15.6
10:36:41,29.3,15.8
10:36:51,29.3,15.6
10:37:01,29.3,15.5
10:37:11,29.3,15.3
10:37:21,29.3,15.4
10:37:31,29.3,15.5
10:37:41,29.3,15.5
10:37:51,29.3,15.5
10:38:01,29.3,15.6
10:38:11,29.3,15.5
10:38:21,29.3,15.5
10:38:31,29.3,15.6
10:38:41,29.3,15.5
10:38:51,29.3,15.6
10:39:01,29.3,15.6
10:39:11,29.3,15.5
10:39:21,29.3,15.4
10:39:31,29.3,15.4
10:39:41,29.3,15.4
10:39:51,29.4,15.2
10:40:01,29.4,15.1
10:40:11,29.4,15.2
10:40:21,29.4,15.2
10:40:31,29.4,15.3
10:40:41,29.4,15.2
10:40:51,29.4,15.2
10:41:01,29.4,15.3
10:41:11,29.4,15.4
10:41:21,29.4,15.1
10:41:31,29.4,15.4
10:41:41,29.4,15.3
10:41:51,29.4,15.2
10:42:01,29.4,15.2
10:42:11,29.4,15.5
10:42:21,29.4,15.3
10:42:31,29.4,15.2
10:42:41,29.4,14.9
10:42:51,29.4,14.8
10:43:01,29.4,14.6
10:43:11,29.5,14.5
10:43:21,29.5,14.6
10:43:31,29.5,14.3
10:43:41,29.5,14.3
10:43:51,29.5,14.4
10:44:01,29.5,14.5
10:44:11,29.5,14.4
10:44:21,29.5,14.3
10:44:31,29.5,14.3
10:44:41,29.5,14.2
10:44:51,29.5,14.1
10:45:01,29.5,14.0
10:45:11,29.5,14.1
10:45:21,29.5,14.0
10:45:31,29.5,14.0
10:45:41,29.5,14.0
10:45:51,29.5,14.1
10:46:01,29.5,14.1
10:46:11,29.5,14.1
10:46:21,29.6,13.9
10:46:31,29.6,13.7
10:46:41,29.6,13.7
10:46:51,29.6,13.5
10:47:01,29.6,13.2
10:47:11,29.6,12.8
10:47:21,29.6,12.8
10:47:31,29.6,12.6
10:47:41,29.6,12.6
10:47:51,29.6,12.6
10:48:01,29.6,12.6
10:48:11,29.6,12.8
10:48:21,29.6,12.9
10:48:31,29.6,12.9
10:48:41,29.6,12.8
10:48:51,29.6,12.8
10:49:01,29.6,12.7
10:49:11,29.7,12.8
10:49:21,29.6,12.8
10:49:31,29.6,13.0
10:49:41,29.7,12.9
10:49:51,29.6,12.8
10:50:01,29.6,12.8
10:50:11,29.6,12.7
10:50:21,29.6,12.8
10:50:31,29.7,12.7
10:50:41,29.7,12.6
10:50:51,29.6,12.6
10:51:01,29.6,12.7
10:51:11,29.7,12.9
10:51:21,29.6,12.9
10:51:31,29.7,12.8
10:51:41,29.7,12.5
10:51:51,29.7,12.5
10:52:01,29.7,12.6
10:52:11,29.7,12.5
10:52:21,29.7,12.6
10:52:31,29.7,12.5
10:52:41,29.7,12.5
10:52:51,29.7,12.6
10:53:01,29.7,12.6
10:53:11,29.7,12.5
10:53:21,29.7,12.6
10:53:31,29.7,12.7
10:53:41,29.8,12.7
10:53:51,29.7,12.8
10:54:01,29.8,12.9
10:54:11,29.8,12.9
10:54:21,29.8,12.9
10:54:31,29.8,12.8
10:54:41,29.8,12.8
10:54:51,29.8,12.7
10:55:01,29.8,12.7
10:55:11,29.8,12.8
10:55:21,29.8,12.6
10:55:31,29.8,12.6
10:55:41,29.8,12.6
10:55:51,29.8,12.6
10:56:01,29.8,12.6
10:56:11,29.8,12.7
10:56:21,29.8,12.7
10:56:31,29.8,12.8
10:56:41,29.8,12.9
10:56:51,29.8,12.7
10:57:01,29.8,12.6
10:57:11,29.8,12.5
10:57:21,29.8,12.5
10:57:31,29.8,12.6
10:57:41,29.8,12.7
10:57:51,29.8,12.7
10:58:01,29.8,12.7
10:58:11,29.8,12.7
10:58:21,29.8,12.6
10:58:31,29.8,12.4
10:58:41,29.8,12.5
10:58:51,29.8,12.5
10:59:01,29.8,12.3
10:59:11,29.8,12.1
10:59:21,29.8,12.2
10:59:31,29.8,12.3
10:59:41,29.8,12.2
10:59:51,29.9,12.2
11:00:01,29.9,12.3
11:00:11,29.8,12.3
11:00:21,29.9,12.4
11:00:31,29.9,12.5
11:00:41,29.9,12.7
11:00:51,29.9,12.8
11:01:01,29.9,13.0
11:01:11,29.8,12.9
11:01:21,29.9,13.0
11:01:31,29.8,12.8
11:01:41,29.9,12.8
11:01:51,29.9,12.8
11:02:01,29.9,12.7
11:02:11,29.9,12.8
11:02:21,29.8,12.7
11:02:31,29.9,12.7
11:02:41,29.9,12.8
11:02:51,29.8,13.0
11:03:01,29.9,12.9
11:03:11,29.9,12.9
11:03:21,29.9,13.0
11:03:31,29.8,13.1
11:03:41,29.9,13.3
11:03:51,29.9,13.4
11:04:01,29.9,13.4
11:04:11,29.9,13.4
11:04:21,29.9,13.4
11:04:31,29.8,13.3
11:04:41,29.9,13.2
11:04:51,29.9,13.4
11:05:01,29.9,13.2
11:05:11,29.9,13.0
11:05:21,29.9,13.1
11:05:31,29.9,13.2
11:05:41,29.9,13.1
11:05:51,29.9,13.2
11:06:01,29.9,13.3
11:06:11,29.9,13.4
11:06:21,29.9,13.5
11:06:31,29.9,13.5
11:06:41,29.9,13.4
11:06:51,29.9,13.4
11:07:01,29.9,13.4
11:07:11,29.9,13.6
11:07:21,29.9,13.7
11:07:31,29.9,13.6
11:07:41,29.9,13.7
11:07:51,29.9,13.7
11:08:01,29.9,13.7
11:08:11,29.9,13.7
11:08:21,29.9,13.4
11:08:31,29.9,13.3
11:08:41,29.9,13.2
11:08:51,29.9,13.0
11:09:01,30.0,12.8
11:09:11,29.9,12.8
11:09:21,30.0,12.7
11:09:31,30.0,12.8
11:09:41,30.0,13.0
11:09:51,30.0,13.0
11:10:01,30.0,13.0
11:10:11,30.0,13.1
11:10:21,30.0,13.1
11:10:31,30.0,13.0
11:10:41,30.0,13.1
11:10:51,30.0,13.2
11:11:01,30.0,13.2
11:11:11,30.0,13.4
11:11:21,30.0,14.5
11:11:31,30.0,15.0
11:11:41,30.0,15.0
11:11:51,30.0,14.9
11:12:01,30.0,15.2
11:12:11,30.0,15.8
11:12:21,30.0,15.8
11:12:31,30.0,15.6
11:12:41,30.0,15.6
11:12:51,30.0,15.7
11:13:01,30.0,16.1
11:13:11,30.0,16.5
11:13:21,30.0,16.5
11:13:31,30.0,16.0
11:13:41,30.0,15.7
11:13:51,30.0,15.9
11:14:01,30.0,16.1
11:14:11,30.0,16.2
11:14:21,30.0,16.1
11:14:31,30.0,15.9
11:14:41,30.0,15.9
11:14:51,30.0,16.2
11:15:01,30.0,16.6
11:15:11,30.0,16.8
11:15:21,30.0,17.1
11:15:31,30.0,16.8
11:15:41,30.0,16.9
11:15:51,30.0,16.8
11:16:01,30.0,16.5
11:16:11,30.0,16.1
11:16:21,30.0,15.9
11:16:31,30.0,15.8
11:16:41,30.0,15.6
11:16:51,30.0,15.2
11:17:01,30.0,15.5
11:17:11,30.0,15.5
11:17:21,30.0,15.5
11:17:31,30.0,15.3
11:17:41,30.0,14.9
11:17:51,30.0,15.0
11:18:01,30.0,14.9
11:18:11,30.0,14.8
11:18:21,30.0,14.6
11:18:31,30.0,14.6
11:18:41,30.0,14.3
11:18:51,30.0,14.2
11:19:01,30.0,14.1
11:19:11,29.9,14.4
11:19:21,30.0,14.3
11:19:31,30.0,14.4
11:19:41,29.9,14.5
11:19:51,30.0,14.8
11:20:01,30.0,14.6
11:20:11,29.9,14.5
11:20:21,29.9,14.4
11:20:31,30.0,14.5
11:20:41,30.0,14.7
11:20:51,29.9,15.2
11:21:01,30.0,15.2
11:21:11,30.0,15.1
11:21:21,30.0,15.0
11:21:31,30.0,14.7
11:21:41,30.0,14.5
11:21:51,30.0,14.4
11:22:01,30.0,14.5
11:22:11,30.0,14.6
11:22:21,30.0,14.6
11:22:31,30.0,14.9
11:22:41,30.0,14.6
11:22:51,30.0,14.5
11:23:01,29.9,14.3
11:23:11,29.9,14.5
11:23:21,30.0,14.8
11:23:31,30.0,15.0
11:23:41,29.9,14.9
11:23:51,30.0,14.8
11:24:01,30.0,14.7
11:24:11,30.0,14.6
11:24:21,30.0,14.4
11:24:31,30.0,14.4
11:24:41,30.0,14.6
11:24:51,30.0,14.6
11:25:01,30.0,14.4
11:25:11,30.0,14.3
11:25:21,30.0,14.3
11:25:31,30.0,14.4
11:25:41,30.0,14.3
11:25:51,30.0,14.5
11:26:01,30.0,14.8
11:26:11,30.0,14.8
11:26:21,30.0,14.8
11:26:31,30.0,14.9
11:26:41,30.0,14.9
11:26:51,30.0,15.1
11:27:01,30.0,15.1
11:27:11,30.0,14.6
11:27:21,30.0,14.6
11:27:31,30.0,14.5
11:27:41,30.0,14.6
11:27:51,30.0,14.5
11:28:01,30.0,14.3
11:28:11,30.0,14.2
11:28:21,30.0,14.2
11:28:31,30.0,14.6
11:28:41,30.0,14.9
11:28:51,30.1,15.0
11:29:01,30.0,14.8
11:29:11,30.0,14.8
11:29:21,30.0,15.2
11:29:31,30.0,15.2
11:29:41,30.0,15.4
11:29:51,30.0,15.2
11:30:01,30.0,14.8
11:30:11,30.0,14.5
11:30:21,30.0,14.4
11:30:31,30.0,14.7
11:30:41,30.0,14.6
11:30:51,30.0,14.8
11:31:01,30.0,14.8
11:31:11,30.0,14.6
11:31:21,30.0,14.4
11:31:31,30.0,14.2
11:31:41,30.0,14.5
11:31:51,30.0,14.6
11:32:01,30.0,14.5
11:32:11,30.0,14.5
11:32:21,30.0,14.4
11:32:31,30.0,14.3
11:32:41,30.0,14.3
11:32:51,30.0,14.5
11:33:01,30.0,14.5
11:33:11,30.0,14.4
11:33:21,30.0,14.4
11:33:31,30.0,14.3
11:33:41,30.0,14.3
11:33:51,30.0,14.4
11:34:01,30.0,14.3
11:34:11,30.0,14.5
11:34:21,30.0,14.7
11:34:31,30.0,14.6
11:34:41,30.0,14.7
11:34:51,30.1,14.8
11:35:01,30.0,14.9
11:35:11,30.0,15.0
11:35:21,30.0,15.0
11:35:31,30.1,15.0
11:35:41,30.1,15.0
11:35:51,30.1,15.0
11:36:01,30.0,14.8
11:36:11,30.0,14.5
11:36:21,30.1,14.5
11:36:31,30.0,14.3
11:36:41,30.1,14.4
11:36:51,30.1,14.1
11:37:01,30.1,14.2
11:37:11,30.1,14.1
11:37:21,30.1,14.3
11:37:31,30.1,14.6
11:37:41,30.1,14.7
11:37:51,30.1,14.9
11:38:01,30.1,14.9
11:38:11,30.1,15.0
11:38:21,30.1,14.8
11:38:31,30.1,14.8
11:38:41,30.1,14.7
11:38:51,30.1,14.8
11:39:01,30.1,15.0
11:39:11,30.1,15.1
11:39:21,30.1,15.2
11:39:31,30.1,15.3
11:39:41,30.1,15.1
11:39:51,30.1,14.7
11:40:01,30.1,14.6
11:40:11,30.1,14.5
11:40:21,30.1,14.6
11:40:31,30.1,14.6
11:40:41,30.2,14.8
11:40:51,30.1,14.9
11:41:01,30.1,14.8
11:41:11,30.1,14.8
11:41:21,30.1,14.9
11:41:31,30.1,14.9
11:41:41,30.1,14.7
11:41:51,30.1,14.5
11:42:01,30.2,14.4
11:42:11,30.1,14.4
11:42:21,30.1,14.4
11:42:31,30.2,14.4
11:42:41,30.2,14.4
11:42:51,30.1,14.6
11:43:01,30.2,15.0
11:43:11,30.1,15.1
11:43:21,30.2,14.8
11:43:31,30.2,15.2
11:43:41,30.2,15.2
11:43:51,30.2,15.2
11:44:01,30.2,15.4
11:44:11,30.2,15.5
11:44:21,30.2,15.4
11:44:31,30.2,15.1
11:44:41,30.2,15.0
11:44:51,30.2,14.7
11:45:01,30.2,14.4
11:45:11,30.2,14.4
11:45:21,30.2,14.5
11:45:31,30.2,14.5
11:45:41,30.2,14.6
11:45:51,30.2,14.6
11:46:01,30.2,14.6
11:46:11,30.2,14.5
11:46:21,30.2,14.6
11:46:31,30.2,14.5
11:46:41,30.2,14.4
11:46:51,30.2,14.4
11:47:01,30.2,14.1
11:47:11,30.2,14.0
11:47:21,30.2,13.9
11:47:31,30.2,13.9
11:47:41,30.2,13.8
11:47:51,30.2,13.8
11:48:01,30.2,13.7
11:48:11,30.2,13.9
11:48:21,30.2,14.0
11:48:31,30.2,14.3
11:48:41,30.2,14.3
11:48:51,30.2,14.3
11:49:01,30.2,14.4
11:49:11,30.2,14.1
11:49:21,30.2,13.9
11:49:31,30.3,14.0
11:49:41,30.2,13.7
11:49:51,30.3,13.6
11:50:01,30.3,13.8
11:50:11,30.3,13.9
11:50:21,30.3,13.9
11:50:31,30.3,14.0
11:50:41,30.3,14.1
11:50:51,30.3,14.1
11:51:01,30.3,13.8
11:51:11,30.3,13.8
11:51:21,30.3,13.7
11:51:31,30.3,13.9
11:51:41,30.3,13.8
11:51:51,30.3,14.0
11:52:01,30.3,13.9
11:52:11,30.3,13.8
11:52:21,30.3,13.7
11:52:31,30.3,13.6
11:52:41,30.3,13.6
11:52:51,30.2,13.5
11:53:01,30.3,13.3
11:53:11,30.3,13.3
11:53:21,30.3,13.3
11:53:31,30.3,13.3
11:53:41,30.3,13.2
11:53:51,30.3,13.4
11:54:01,30.3,13.3
11:54:11,30.3,13.4
11:54:21,30.3,13.6
11:54:31,30.3,13.7
11:54:41,30.3,13.6
11:54:51,30.3,13.6
11:55:01,30.3,13.7
11:55:11,30.3,13.7
11:55:21,30.3,13.8
11:55:31,30.3,13.9
11:55:41,30.3,13.8
11:55:51,30.3,13.7
11:56:01,30.3,13.6
11:56:11,30.3,13.9
11:56:21,30.3,13.7
11:56:31,30.3,13.7
11:56:41,30.3,13.6
11:56:51,30.3,13.5
11:57:01,30.3,13.5
11:57:11,30.4,13.6
11:57:21,30.3,13.5
11:57:31,30.3,13.6
11:57:41,30.4,13.2
11:57:51,30.4,13.4
11:58:01,30.4,13.3
11:58:11,30.4,13.3
11:58:21,30.4,13.4
11:58:31,30.4,13.3
11:58:41,30.4,13.4
11:58:51,30.4,13.4
11:59:01,30.4,13.5
11:59:11,30.4,13.4
11:59:21,30.4,13.3
11:59:31,30.4,13.4
11:59:41,30.4,13.4
11:59:51,30.4,13.3
12:00:01,30.4,13.2
12:00:11,30.4,13.1
12:00:21,30.4,13.1
12:00:31,30.4,13.0
12:00:41,30.4,12.9
12:00:51,30.4,12.9
12:01:01,30.4,13.0
12:01:11,30.4,12.8
12:01:21,30.5,12.6
12:01:31,30.4,12.8
12:01:41,30.4,13.0
12:01:51,30.5,13.2
12:02:01,30.4,13.6
12:02:11,30.5,13.6
12:02:21,30.5,13.3
12:02:31,30.5,12.9
12:02:41,30.5,12.8
12:02:51,30.5,12.5
12:03:01,30.5,12.3
12:03:11,30.5,12.4
12:03:21,30.5,12.2
12:03:31,30.5,12.3
12:03:41,30.5,12.7
12:03:51,30.5,13.0
12:04:01,30.5,13.0
12:04:11,30.5,13.0
12:04:21,30.5,13.1
12:04:31,30.5,13.0
12:04:41,30.5,12.8
12:04:51,30.5,12.6
12:05:01,30.5,13.0
12:05:11,30.5,13.1
12:05:21,30.5,13.3
12:05:31,30.5,12.8
12:05:41,30.5,12.9
12:05:51,30.5,12.9
12:06:01,30.5,12.8
12:06:11,30.5,13.2
12:06:21,30.5,12.8
12:06:31,30.5,12.5
12:06:41,30.5,12.7
12:06:51,30.5,12.5
12:07:01,30.5,12.4
12:07:11,30.5,12.1
12:07:21,30.5,12.0
12:07:31,30.5,12.0
12:07:41,30.5,11.7
12:07:51,30.6,11.6
12:08:01,30.6,11.4
12:08:11,30.6,11.2
12:08:21,30.6,11.2
12:08:31,30.6,11.4
12:08:41,30.6,11.7
12:08:51,30.6,11.7
12:09:01,30.6,11.6
12:09:11,30.6,11.8
12:09:21,30.6,11.8
12:09:31,30.6,11.8
12:09:41,30.6,11.9
12:09:51,30.6,11.7
12:10:01,30.6,11.7
12:10:11,30.6,11.7
12:10:21,30.6,11.6
12:10:31,30.6,11.3
12:10:41,30.6,11.1
12:10:51,30.6,11.0
12:11:01,30.6,10.8
12:11:11,30.6,10.6
12:11:21,30.7,10.9
12:11:31,30.7,10.9
12:11:41,30.6,10.9
12:11:51,30.6,11.1
12:12:01,30.7,11.2
12:12:11,30.6,11.1
12:12:21,30.7,11.2
12:12:31,30.6,11.2
12:12:41,30.6,11.4
12:12:51,30.7,11.5
12:13:01,30.6,11.5
12:13:11,30.6,11.5
12:13:21,30.6,11.5
12:13:31,30.6,11.6
12:13:41,30.6,11.6
12:13:51,30.6,11.6
12:14:01,30.6,11.9
12:14:11,30.6,12.0
12:14:21,30.6,11.9
12:14:31,30.6,11.9
12:14:41,30.6,12.0
12:14:51,30.6,11.9
12:15:01,30.5,11.8
12:15:11,30.5,12.0
12:15:21,30.6,12.0
12:15:31,30.6,12.2
12:15:41,30.5,12.4
12:15:51,30.5,12.5
12:16:01,30.5,12.4
12:16:11,30.5,12.2
12:16:21,30.5,12.0
12:16:31,30.5,12.0
12:16:41,30.5,11.9
12:16:51,30.5,11.9
12:17:01,30.5,12.0
12:17:11,30.5,12.5
12:17:21,30.5,12.4
12:17:31,30.5,12.4
12:17:41,30.5,12.3
12:17:51,30.5,12.4
12:18:01,30.5,12.2
12:18:11,30.5,12.3
12:18:21,30.5,12.2
12:18:31,30.5,12.2
12:18:41,30.5,12.1
12:18:51,30.5,12.0
12:19:01,30.5,12.1
12:19:11,30.5,12.0
12:19:21,30.5,12.2
12:19:31,30.5,12.4
12:19:41,30.5,12.9
12:19:51,30.5,13.6
12:20:01,30.5,13.6
12:20:11,30.5,13.2
12:20:21,30.5,12.8
12:20:31,30.5,12.5
12:20:41,30.5,12.1
12:20:51,30.5,11.7
12:21:01,30.6,12.1
12:21:11,30.6,12.5
12:21:21,30.6,12.6
12:21:31,30.6,12.0
12:21:41,30.7,11.5
12:21:51,30.7,11.7
12:22:01,30.7,11.3
12:22:11,30.7,11.2
12:22:21,30.7,11.6
12:22:31,30.8,11.4
12:22:41,30.8,11.5
12:22:51,30.7,11.8
12:23:01,30.8,11.5
12:23:11,30.8,11.5
12:23:21,30.8,11.1
12:23:31,30.8,11.2
12:23:41,30.8,11.3
12:23:51,30.8,11.6
12:24:01,30.8,11.4
12:24:11,30.9,11.4
12:24:21,30.9,11.6
12:24:31,30.9,11.3
12:24:41,30.9,11.4
12:24:51,30.9,11.3
12:25:01,30.9,11.2
12:25:11,30.9,11.3
12:25:21,30.9,11.4
12:25:31,30.9,11.4
12:25:41,30.9,11.6
12:25:51,30.9,11.7
12:26:01,30.9,11.6
12:26:11,30.9,11.6
12:26:21,30.9,11.6
12:26:31,30.9,11.8
12:26:41,30.8,11.7
12:26:51,30.9,11.7
12:27:01,30.8,11.6
12:27:11,30.8,11.6
12:27:21,30.8,11.6
12:27:31,30.8,11.7
12:27:41,30.8,11.7
12:27:51,30.8,11.7
12:28:01,30.8,11.8
12:28:11,30.8,11.9
12:28:21,30.7,12.0
12:28:31,30.7,11.9
12:28:41,30.7,11.8
12:28:51,30.7,11.7
12:29:01,30.7,11.7
12:29:11,30.7,11.7
12:29:21,30.7,11.6
12:29:31,30.7,11.6
12:29:41,30.7,11.6
12:29:51,30.7,11.6
12:30:01,30.7,11.5
12:30:11,30.7,11.6
12:30:21,30.7,11.6
12:30:31,30.7,11.7
12:30:41,30.7,11.7
12:30:51,30.7,11.7
12:31:01,30.7,11.6
12:31:11,30.7,11.6
12:31:21,30.7,11.5
12:31:31,30.7,11.6
12:31:41,30.7,11.6
12:31:51,30.7,11.6
12:32:01,30.7,11.6
12:32:11,30.7,11.5
12:32:21,30.7,11.6
12:32:31,30.7,11.7
12:32:41,30.7,11.6
12:32:51,30.7,11.6
12:33:01,30.7,11.6
12:33:11,30.7,11.5
12:33:21,30.7,11.4
12:33:31,30.7,11.4
12:33:41,30.7,11.3
12:33:51,30.7,11.4
12:34:01,30.7,11.4
12:34:11,30.7,11.5
12:34:21,30.7,11.7
12:34:31,30.7,11.6
12:34:41,30.7,11.4
12:34:51,30.8,11.3
12:35:01,30.8,11.3
12:35:11,30.8,11.3
12:35:21,30.8,11.3
12:35:31,30.8,11.3
12:35:41,30.8,11.3
12:35:51,30.8,11.3
12:36:01,30.8,11.3
12:36:11,30.8,11.3
12:36:21,30.8,11.2
12:36:31,30.8,11.2
12:36:41,30.8,11.3
12:36:51,30.8,11.2
12:37:01,30.8,11.1
12:37:11,30.8,11.0
12:37:21,30.8,11.2
12:37:31,30.8,11.2
12:37:41,30.8,11.1
12:37:51,30.8,11.1
12:38:01,30.8,11.1
12:38:11,30.8,11.2
12:38:21,30.8,11.2
12:38:31,30.8,11.2
12:38:41,30.8,11.3
12:38:51,30.8,11.2
12:39:01,30.8,11.2
12:39:11,30.8,11.2
12:39:21,30.9,11.3
12:39:31,30.8,11.1
12:39:41,30.8,11.1
12:39:51,30.8,11.4
12:40:01,30.9,11.2
12:40:11,30.9,10.9
12:40:21,30.9,10.7
12:40:31,30.9,10.9
12:40:41,30.9,10.7
12:40:51,30.9,10.6
12:41:01,30.9,10.6
12:41:11,30.9,10.6
12:41:21,30.9,10.8
12:41:31,30.9,10.9
12:41:41,30.9,10.9
12:41:51,30.9,11.0
12:42:01,30.9,10.9
12:42:11,30.9,10.9
12:42:21,30.9,11.0
12:42:31,30.9,11.0
12:42:42,30.9,11.1
12:42:51,30.9,11.1
12:43:01,30.9,11.3
12:43:11,30.9,11.3
12:43:21,30.9,11.5
12:43:31,30.9,11.5
12:43:41,30.9,11.5
12:43:51,30.9,12.5
12:44:01,30.9,14.4
12:44:11,31.0,15.9
12:44:21,31.0,16.9
12:44:31,31.0,17.7
12:44:42,31.0,18.2
12:44:51,31.0,18.8
12:45:02,31.0,19.4
12:45:11,31.0,19.9
12:45:21,31.0,20.2
12:45:31,31.0,20.8
12:45:41,31.0,21.1
12:45:51,31.0,21.5
12:46:01,30.9,21.8
12:46:11,30.9,22.2
12:46:21,30.9,22.5
12:46:31,30.8,22.9
12:46:41,30.8,23.3
12:46:51,30.8,23.5
12:47:01,30.7,23.9
12:47:11,30.7,24.1
12:47:21,30.7,24.4
12:47:31,30.7,24.5
12:47:41,30.6,24.6
12:47:51,30.6,24.8
12:48:01,30.5,25.0
12:48:11,30.5,25.2
12:48:21,30.4,25.3
12:48:31,30.4,25.5
12:48:41,30.4,25.7
12:48:51,30.3,25.8
12:49:01,30.3,25.9
12:49:11,30.3,26.1
12:49:21,30.2,26.2
12:49:31,30.2,26.3
12:49:41,30.2,26.5
12:49:51,30.1,26.6
12:50:01,30.1,26.9
12:50:11,30.0,26.9
12:50:21,30.0,27.2
12:50:31,30.0,27.2
12:50:41,29.9,27.3
12:50:51,29.9,27.5
12:51:01,29.9,27.6
12:51:11,29.8,27.6
12:51:21,29.8,27.7
12:51:31,29.7,27.9
12:51:41,29.7,28.0
12:51:51,29.7,28.1
12:52:01,29.6,28.3
12:52:11,29.6,28.3
12:52:21,29.6,28.4
12:52:31,29.5,28.4
12:52:41,29.5,28.5
12:52:51,29.5,28.7
12:53:01,29.5,28.9
12:53:11,29.5,28.9
12:53:21,29.4,28.9
12:53:31,29.4,29.0
12:53:41,29.4,29.3
12:53:51,29.4,29.2
12:54:01,29.4,29.4
12:54:11,29.4,29.5
12:54:21,29.3,29.6
12:54:31,29.3,29.6
12:54:41,29.3,29.8
12:54:51,29.3,29.8
12:55:01,29.2,30.0
12:55:11,29.2,29.9
12:55:21,29.2,30.0
12:55:31,29.2,29.9
12:55:41,29.2,30.0
12:55:51,29.2,30.1
12:56:01,29.2,30.3
12:56:11,29.1,30.3
12:56:21,29.1,30.3
12:56:31,29.1,30.2
12:56:41,29.1,30.4
12:56:51,29.1,30.4
12:57:01,29.1,30.6
12:57:11,29.1,30.6
12:57:21,29.1,30.7
12:57:31,29.1,30.8
12:57:41,29.1,30.8
12:57:51,29.0,30.8
12:58:01,29.0,30.7
12:58:11,29.0,30.7
12:58:21,29.0,30.7
12:58:31,29.0,30.7
12:58:41,29.0,30.9
12:58:51,29.0,31.0
12:59:01,28.9,31.0
12:59:11,28.9,31.0
12:59:21,28.9,31.1
12:59:31,28.9,31.1
12:59:41,28.9,31.1
12:59:51,28.9,31.1
13:00:01,28.9,31.2
13:00:11,28.9,31.2
13:00:21,28.9,31.2
13:00:31,28.9,31.2
13:00:41,28.8,31.2
13:00:51,28.8,31.3
15:07:01,30.4,13.6
15:07:10,29.8,24.9
15:07:15,29.8,24.9
15:07:26,29.8,25.0
15:07:40,29.7,25.3
15:07:46,29.6,25.5
15:07:57,29.6,25.8
15:08:06,29.6,25.8
15:08:16,29.6,25.9
15:08:27,29.6,26.2
15:08:35,29.6,26.3
15:08:46,29.5,26.5
15:08:56,29.5,26.6
15:09:05,29.5,26.8
15:09:16,29.5,26.9
15:09:26,29.4,27.1
15:09:36,29.4,27.2
15:09:46,29.4,27.4
15:09:56,29.4,27.5
15:10:05,29.4,27.5
15:10:16,29.4,27.7
15:10:26,29.3,27.7
15:10:35,29.3,27.8
15:10:46,29.3,27.9
15:10:56,29.3,28.2
15:11:06,29.2,28.1
15:11:16,29.2,28.2
15:11:26,29.2,28.3
15:11:35,29.2,28.4
15:11:46,29.2,28.4
15:11:55,29.2,28.5
15:12:09,29.2,28.6
15:12:16,29.1,28.8
15:12:26,29.1,28.8
15:12:36,29.1,28.9
15:12:46,29.1,29.0
15:12:59,29.1,29.0
15:13:06,29.1,29.0
15:13:16,29.1,29.0
15:13:25,29.0,29.1
15:13:37,29.0,29.2
15:13:46,29.0,29.1
15:13:55,29.0,29.1
15:14:09,29.0,29.1
15:14:17,29.0,29.2
15:14:25,29.0,29.4
15:14:40,29.0,29.4
15:14:46,29.0,29.4
15:14:56,28.9,29.4
15:15:06,28.9,29.5
15:15:17,28.9,29.5
15:15:26,28.9,29.6
15:15:36,28.9,29.5
15:15:46,28.9,29.5
15:15:56,28.9,29.6
15:16:06,28.9,29.6
15:16:15,28.9,29.7
15:16:26,28.9,29.7
15:16:35,28.9,29.7
15:16:50,28.9,29.7
15:17:00,28.9,29.8
15:17:10,28.8,29.9
15:17:16,28.9,29.9
15:17:30,28.8,30.0
15:17:36,28.8,30.0
15:17:45,28.8,30.0
15:17:56,28.8,30.0
15:18:06,28.8,30.0
15:18:16,28.8,30.0
15:18:26,28.8,30.0
15:18:36,28.8,30.0
15:18:45,28.8,30.0
15:18:56,28.8,30.0
15:19:06,28.8,30.1
15:19:16,28.8,30.1
15:19:26,28.7,30.0
15:19:36,28.7,30.1
15:19:47,28.7,30.0
15:19:59,28.7,30.0
15:20:06,28.7,30.0
15:20:16,28.7,30.0
15:20:26,28.7,30.0
15:20:36,28.7,30.0
15:20:46,28.7,30.0
15:20:56,28.7,30.1
15:21:06,28.7,30.1
15:21:16,28.7,30.1
15:21:26,28.7,30.2
15:21:35,28.7,30.2
15:21:46,28.6,30.2
15:21:56,28.7,30.3
15:22:10,28.6,30.3
15:22:15,28.6,30.3
15:22:26,28.6,30.4
15:22:35,28.6,30.4
15:22:46,28.6,30.4
15:22:56,28.6,30.4
15:23:05,28.6,30.3
15:23:20,28.6,30.3
15:23:26,28.6,30.3
15:23:37,28.6,30.2
15:23:45,28.6,30.3
15:23:57,28.6,30.4
15:24:05,28.6,30.4
15:24:16,28.6,30.4
15:24:26,28.6,30.4
15:24:35,28.6,30.5
15:24:47,28.6,30.5
15:24:59,28.6,30.5
15:25:05,28.5,30.5
15:25:16,28.5,30.5
15:25:26,28.5,30.5
15:25:40,28.5,30.5
15:25:46,28.5,30.5
15:25:56,28.5,30.5
15:26:06,28.5,30.5
15:26:16,28.5,30.5
15:26:26,28.5,30.6
15:26:36,28.5,30.7
15:26:46,28.5,30.7
15:26:55,28.5,30.7
15:27:06,28.5,30.7
15:27:16,28.5,30.8
15:27:26,28.5,30.9
15:27:35,28.5,30.8
15:27:46,28.5,30.9
15:28:00,28.5,30.8
15:28:06,28.5,30.9
15:28:16,28.5,30.9
15:28:25,28.5,30.9
15:28:37,28.5,30.9
15:28:46,28.5,30.9
15:29:00,28.5,31.0
15:29:06,28.5,31.0
15:29:16,28.5,31.0
15:29:25,28.4,31.0
15:29:36,28.5,31.0
15:29:46,28.4,31.1
15:29:59,28.4,31.1
15:30:06,28.5,31.1
15:30:19,28.4,31.1
15:30:25,28.4,31.1
15:30:37,28.4,31.1
15:30:46,28.4,31.1
15:30:57,28.4,31.2
15:31:09,28.4,31.2
15:31:20,28.4,31.2
15:31:25,28.4,31.2
15:31:40,28.4,31.1
15:31:49,28.4,31.2
15:31:57,28.4,31.2
15:32:06,28.4,31.3
15:32:19,28.4,31.2
15:32:27,28.4,31.3
15:32:36,28.4,31.3
15:32:50,28.4,31.3
15:33:00,28.4,31.3
15:33:06,28.4,31.4
15:33:20,28.4,31.4
15:33:30,28.4,31.4
15:33:36,28.4,31.4
15:33:45,28.4,31.4
15:33:56,28.4,31.4
15:34:10,28.4,31.4
15:34:16,28.4,31.4
15:34:27,28.4,31.4
15:34:36,28.3,31.4
15:34:47,28.3,31.5
15:34:57,28.3,31.5
15:35:06,28.3,31.5
15:35:15,28.3,31.5
15:35:26,28.3,31.6
15:35:36,28.3,31.6
15:35:45,28.3,31.5
15:36:00,28.3,31.6
15:36:06,28.3,31.6
15:36:16,28.3,31.6
15:36:26,28.3,31.7
15:36:36,28.3,31.7
15:36:46,28.3,31.6
15:36:56,28.3,31.7
15:37:06,28.3,31.7
15:37:16,28.3,31.6
15:37:26,28.3,31.6
15:37:36,28.3,31.7
15:37:46,28.3,31.7
15:37:56,28.3,31.7
15:38:05,28.3,31.7
15:38:16,28.3,31.7
15:38:26,28.3,31.6
15:38:36,28.3,31.6
15:38:46,28.3,31.6
15:38:56,28.3,31.6
15:39:05,28.3,31.6
15:39:16,28.3,31.6
15:39:26,28.3,31.5
15:39:36,28.3,31.5
15:39:46,28.3,31.4
15:40:00,28.3,31.4
15:40:06,28.3,31.4
15:40:16,28.3,31.5
15:40:26,28.3,31.4
15:40:35,28.3,31.4
15:40:46,28.3,31.4
15:40:59,28.3,31.4
15:41:05,28.3,31.4
15:41:16,28.3,31.4
15:41:26,28.3,31.3
15:41:35,28.3,31.3
15:41:46,28.3,31.3
15:41:56,28.3,31.3
15:42:07,28.3,31.4
15:42:21,28.3,31.4
15:42:27,28.3,31.4
15:42:35,28.3,31.4
15:42:46,28.3,31.5
15:42:56,28.3,31.5
15:43:06,28.3,31.5
15:43:16,28.3,31.6
15:43:29,28.3,31.6
15:43:36,28.3,31.6
15:43:46,28.3,31.6
15:43:55,28.3,31.6
15:44:06,28.3,31.6
15:44:17,28.3,31.6
15:44:25,28.3,31.5
15:44:36,28.3,31.6
15:44:46,28.3,31.5
15:44:59,28.3,31.6
15:45:06,28.3,31.6
15:45:16,28.3,31.6
15:45:27,28.3,31.7
15:45:36,28.3,31.7
15:45:46,28.3,31.6
15:45:57,28.3,31.6
15:46:06,28.3,31.6
15:46:16,28.3,31.6
15:46:26,28.3,31.6
15:46:36,28.3,31.6
15:46:45,28.3,31.5
15:46:55,28.3,31.6
15:47:06,28.2,31.7
15:47:15,28.2,31.6
15:47:26,28.2,31.6
15:47:36,28.2,31.6
15:47:50,28.2,31.6
15:47:55,28.2,31.6
15:48:06,28.2,31.7
15:48:15,28.2,31.7
15:48:25,28.2,31.6
15:48:36,28.2,31.7
15:48:46,28.2,31.7
15:48:56,28.2,31.7
15:49:09,28.2,31.7
15:49:19,28.2,31.7
15:49:27,28.2,31.8
15:49:40,28.2,31.8
15:49:46,28.2,31.8
15:49:56,28.2,31.8
15:50:06,28.2,31.8
15:50:17,28.2,31.8
15:50:26,28.2,31.9
15:50:40,28.2,31.8
15:50:47,28.2,31.8
15:50:56,28.2,31.9
15:51:05,28.2,31.8
15:51:20,28.2,32.0
15:51:26,28.2,32.0
15:51:36,28.2,32.0
15:51:45,28.2,32.1
15:51:56,28.2,32.1
15:52:09,28.1,32.1
15:52:15,28.1,32.1
15:52:26,28.1,32.1
15:52:37,28.1,32.1
15:52:45,28.1,32.1
15:52:56,28.1,32.1
15:53:05,28.1,32.0
15:53:15,28.1,32.1
15:53:27,28.1,32.0
15:53:35,28.1,32.1
15:53:45,28.1,32.1
15:53:57,28.1,32.1
15:54:05,28.1,32.1
15:54:16,28.1,32.3
15:54:26,28.2,32.2
15:54:35,28.1,32.3
15:54:46,28.1,32.2
15:54:56,28.1,32.2
15:55:05,28.1,32.2
15:55:16,28.1,32.2
15:55:26,28.1,32.2
15:55:37,28.1,32.2
15:55:46,28.1,32.1
15:55:56,28.1,32.2
15:56:07,28.1,32.1
15:56:16,28.1,32.1
15:56:26,28.1,32.2
15:56:37,28.1,32.2
15:56:46,28.1,32.2
15:56:56,28.1,32.2
15:57:05,28.1,32.2
15:57:16,28.1,32.3
15:57:30,28.1,32.4
15:57:37,28.0,32.4
15:57:46,28.1,32.4
15:57:55,28.0,32.4
15:58:06,28.1,32.4
15:58:20,28.0,32.4
15:58:27,28.1,32.4
15:58:36,28.1,32.4
15:58:46,28.0,32.5
15:58:57,28.0,32.5
15:59:06,28.0,32.5
15:59:16,28.0,32.5
15:59:26,28.0,32.4
15:59:37,28.0,32.3
15:59:46,28.0,32.2
15:59:56,28.0,32.2
16:00:06,28.0,32.2
16:00:16,28.0,32.1
16:00:25,28.0,32.1
16:00:36,28.0,32.1
16:00:46,28.0,32.0
16:00:57,28.0,32.0
16:01:06,28.0,32.0
16:01:17,28.0,32.0
16:01:26,28.0,32.0
16:01:36,28.0,32.1
16:01:46,28.0,32.1
16:01:57,28.0,32.1
16:02:06,28.0,32.2
16:02:15,28.0,32.2
16:02:27,28.0,32.1
16:02:36,28.0,32.1
16:02:49,28.0,32.1
16:02:55,27.9,32.1
16:03:06,27.9,32.0
16:03:17,27.9,32.0
16:03:28,28.0,32.1
16:03:36,27.9,32.0
16:03:46,27.9,32.0
16:03:56,27.9,32.0
16:04:07,27.9,32.0
16:04:17,27.9,32.0
16:04:26,27.9,31.9
16:04:36,27.9,31.9
16:04:47,27.9,31.9
16:04:56,27.9,31.9
16:05:06,27.9,31.9
16:05:17,27.9,31.9
16:05:26,27.9,31.9
16:05:36,27.9,32.0
16:05:45,27.9,32.0
16:05:57,27.9,32.0
16:06:06,27.9,32.1
16:06:19,27.9,32.0
16:06:30,27.9,31.9
16:06:35,27.9,31.9
16:06:45,27.9,31.8
16:06:56,27.9,31.8
16:07:07,27.9,31.7
16:07:16,27.9,31.7
16:07:26,27.9,31.6
16:07:40,27.9,31.7
16:07:46,27.9,31.6
16:07:56,27.9,31.7
16:08:10,27.9,31.6
16:08:16,27.9,31.6
16:08:26,27.9,31.5
16:08:36,27.9,31.6
16:08:46,27.8,31.7
16:08:56,27.9,31.7
16:09:05,27.9,31.7
16:09:16,27.8,31.8
16:09:26,27.9,31.8
16:09:37,27.8,31.8
16:09:46,27.9,31.8
16:09:56,27.9,31.8
16:10:07,27.8,31.8
16:10:19,27.8,31.8
16:10:27,27.8,31.9
16:10:36,27.8,31.9
16:10:46,27.8,31.9
16:10:56,27.8,32.0
16:11:05,27.9,31.9
16:11:17,27.8,31.9
16:11:28,27.9,31.9
16:11:35,27.9,31.9
16:11:46,27.8,31.9
16:11:55,27.9,31.9
16:12:06,27.9,31.9
16:12:16,27.9,31.9
16:12:26,27.9,31.9
16:12:36,27.8,31.8
16:12:47,27.9,31.9
16:12:56,27.9,31.9
16:13:16,27.9,31.9
16:13:26,27.9,31.9
16:13:36,27.9,31.9
16:13:46,27.9,31.9
16:13:55,27.9,31.9
16:14:06,27.9,31.9
16:14:16,27.9,31.9
16:14:31,27.9,31.9
16:14:36,27.9,31.9
16:14:46,27.9,31.9
16:14:55,27.9,32.0
16:15:06,27.9,32.0
16:15:16,27.9,32.0
16:15:25,27.9,32.1
